,Point.Forecast,Lo.75,Hi.75,Lo.90,Hi.90
01/04/2020,58.32989441,58.20750505,58.45228377,58.15489315,58.50489566
01/05/2020,58.28325388,58.14074313,58.42576462,58.0794816,58.48702616
01/06/2020,58.26079436,58.1006086,58.42098012,58.03174906,58.48983966
01/07/2020,58.26155394,58.08543194,58.43767594,58.00972183,58.51338605
01/08/2020,58.24513702,58.05442497,58.43584908,57.97244298,58.51783106
01/09/2020,58.23533002,58.03114588,58.43951417,57.94337261,58.52728744
01/10/2020,58.24881411,58.03197388,58.46565435,57.9387601,58.55886813
01/11/2020,58.2333757,58.00454679,58.4622046,57.9061794,58.56057199
01/12/2020,58.20251895,57.96237155,58.44266634,57.85913865,58.54589924
01/01/2021,58.20591309,57.95495165,58.45687452,57.84707009,58.56475608
01/02/2021,58.21620216,57.95482218,58.47758214,57.84246196,58.58994236
01/03/2021,58.20931379,57.9379917,58.48063588,57.82135764,58.59726995
01/04/2021,58.19373377,57.91287707,58.47459047,57.79214433,58.59532321
01/05/2021,58.17096138,57.88082817,58.46109459,57.75610771,58.58581505
01/06/2021,58.16818606,57.86902077,58.46735135,57.74041766,58.59595446
01/07/2021,58.18517932,57.87722382,58.49313481,57.74484204,58.62551659
01/08/2021,58.18215041,57.86565404,58.49864677,57.72960077,58.63470005
01/09/2021,58.18338459,57.85861606,58.50815311,57.71900681,58.64776236
01/10/2021,58.2059744,57.87312251,58.53882628,57.73003844,58.68191035
01/11/2021,58.19804553,57.85727752,58.53881353,57.71079052,58.68530053
01/12/2021,58.17338194,57.82492493,58.52183895,57.67513263,58.67163125
01/01/2022,58.18188362,57.82589763,58.53786961,57.67286883,58.69089841
01/02/2022,58.19638492,57.83298709,58.55978274,57.67677215,58.71599768
01/03/2022,58.19297039,57.82236371,58.56357708,57.66304987,58.72289092
01/04/2022,58.18025527,57.80261769,58.55789285,57.64028146,58.72022908
01/05/2022,58.15984558,57.77526316,58.54442799,57.60994153,58.70974963
01/06/2022,58.15901879,57.76758106,58.55045652,57.59931251,58.71872507
01/07/2022,58.17761901,57.77942564,58.57581239,57.60825302,58.74698501
01/08/2022,58.17591538,57.77108274,58.58074803,57.59705607,58.75477469
01/09/2022,58.17824252,57.76691225,58.58957279,57.59009244,58.76639261
01/10/2022,58.20173371,57.78399322,58.61947419,57.60441783,58.79904959
01/11/2022,58.1945482,57.77047447,58.61862194,57.58817658,58.80091982
01/12/2022,58.17049768,57.74022203,58.60077332,57.55525811,58.78573724
01/01/2023,58.17950495,57.74311045,58.61589945,57.5555162,58.8034937
01/02/2023,58.19442321,57.75196245,58.63688397,57.56176048,58.82708595
01/03/2023,58.19135256,57.74295276,58.63975237,57.55019775,58.83250738
01/04/2023,58.17892104,57.72469332,58.63314875,57.52943305,58.82840902
01/05/2023,58.15874523,57.69872785,58.6187626,57.50097876,58.81651169
01/06/2023,58.15811133,57.69234789,58.62387476,57.49212872,58.82409393
01/07/2023,58.17687062,57.70541562,58.64832562,57.5027498,58.85099145
01/08/2023,58.17529818,57.69822256,58.6523738,57.49314059,58.85745577
01/09/2023,58.17773351,57.69513211,58.66033491,57.48767475,58.86779227
01/10/2023,58.20131392,57.71323758,58.68939026,57.5034267,58.89920114
01/11/2023,58.194202,57.70069433,58.68770968,57.48854866,58.89985535
01/12/2023,58.17021216,57.67136516,58.66905917,57.45692425,58.88350008
01/01/2024,58.17926949,57.67513528,58.68340369,57.45842155,58.90011742
01/02/2024,58.19422902,57.68483467,58.70362338,57.46585975,58.9225983
01/03/2024,58.19119242,57.67663103,58.7057538,57.45543494,58.92694989
01/04/2024,58.17878896,57.65914119,58.69843673,57.43575859,58.92181933
01/05/2024,58.1586363,57.63392024,58.68335237,57.40835893,58.90891368
01/06/2024,58.1580215,57.62826069,58.6877823,57.40053077,58.91551222
01/07/2024,58.17679654,57.64202487,58.7115682,57.41214092,58.94145215
01/08/2024,58.17523708,57.63550378,58.71497039,57.40348695,58.94698721
01/09/2024,58.17768312,57.63305941,58.72230684,57.39894033,58.95642592
01/10/2024,58.20127237,57.65179136,58.75075337,57.41558426,58.98696047
01/11/2024,58.19416773,57.63985673,58.74847873,57.40157335,58.98676211
01/12/2024,58.1701839,57.61111397,58.72925383,57.37078485,58.96958295
01/01/2025,58.17924618,57.61545354,58.74303882,57.37309426,58.9853981
01/02/2025,58.1942098,57.62570875,58.76271085,57.38132545,59.00709416
01/03/2025,58.19117656,57.61804111,58.76431202,57.3716656,59.01068753
01/04/2025,58.17877589,57.60106953,58.75648224,57.35272911,59.00482266
01/05/2025,58.15862552,57.57635602,58.74089502,57.32605403,58.99119701
01/06/2025,58.1580126,57.57119293,58.74483228,57.31893493,58.99709027
01/07/2025,58.17678921,57.58544197,58.76813644,57.3312377,59.02234071
01/08/2025,58.17523103,57.57939309,58.77106898,57.32325839,59.02720368
01/09/2025,58.17767814,57.57740669,58.77794958,57.31936615,59.03599012
01/10/2025,58.20126825,57.59658636,58.80595015,57.33664988,59.06588662
01/11/2025,58.19416434,57.58509005,58.80323864,57.32326539,59.06506329
01/12/2025,58.1701811,57.55677259,58.78358961,57.29308478,59.04727743
01/01/2026,58.17924387,57.56152796,58.79695979,57.29598851,59.06249924
01/02/2026,58.1942079,57.57219162,58.81622418,57.30480355,59.08361224
01/03/2026,58.19117499,57.5649202,58.81742978,57.29571012,59.08663987
01/04/2026,58.17877459,57.54833391,58.80921527,57.27732443,59.08022475
01/05/2026,58.15862446,57.5239997,58.79324921,57.25119159,59.06605732
01/06/2026,58.15801172,57.51920961,58.79681384,57.24460576,59.07141769
01/07/2026,58.17678848,57.53382474,58.81975221,57.25743194,59.09614502
01/08/2026,58.17523044,57.5281341,58.82232677,57.2499648,59.10049608
01/09/2026,58.17767764,57.5264967,58.82885858,57.24657153,59.10878375
01/10/2026,58.20126785,57.54601904,58.85651666,57.2643452,59.13819049
01/11/2026,58.194164,57.53485959,58.85346842,57.25144237,59.13688564
01/12/2026,58.17018083,57.50687033,58.83349132,57.221731,59.11863065
01/01/2027,58.17924364,57.51194779,58.8465395,57.22509525,59.13339204
01/02/2027,58.19420771,57.52292903,58.86548639,57.23436439,59.15405103
01/03/2027,58.19117484,57.51596682,58.86638286,57.22571306,59.15663662
01/04/2027,58.17877446,57.49968223,58.85786669,57.20775875,59.14979017
01/05/2027,58.15862435,57.47564602,58.84160267,57.18205202,59.13519668
01/06/2027,58.15801164,57.47114996,58.84487331,57.17588661,59.14013666
01/07/2027,58.17678841,57.48605461,58.8675222,57.18912674,59.16445007
01/08/2027,58.17523038,57.48064814,58.86981261,57.18206593,59.16839482
01/09/2027,58.17767759,57.47928843,58.87606676,57.17906971,59.17628547
01/10/2027,58.20126781,57.4990842,58.90345141,57.19723436,59.20530125
01/11/2027,58.19416397,57.48819434,58.9001336,57.18471699,59.20361095
01/12/2027,58.1701808,57.46046845,58.87989315,57.1553822,59.18497939
01/01/2028,58.17924362,57.46580507,58.89268218,57.15911703,59.19937021
01/02/2028,58.19420769,57.47704253,58.91137286,57.16875252,59.21966287
01/03/2028,58.19117482,57.4703304,58.91201924,57.16045878,59.22189087
01/04/2028,58.17877445,57.45429045,58.90325845,57.14285427,59.21469463
01/05/2028,58.15862434,57.43049646,58.88675221,57.11749388,59.1997548
01/06/2028,58.15801163,57.42623997,58.88978329,57.11167102,59.20435224
01/07/2028,58.1767884,57.44138104,58.91219576,57.12524921,59.2283276
01/08/2028,58.17523037,57.43620717,58.91425357,57.11852098,59.23193976
01/09/2028,58.17767759,57.43507525,58.92027993,57.11585048,59.2395047
01/10/2028,58.2012678,57.45509582,58.94743978,57.13433656,59.26819904
01/11/2028,58.19416397,57.44442806,58.94389987,57.12213677,59.26619117
01/12/2028,58.1701808,57.4169196,58.92344199,57.09311288,59.24724871
01/01/2029,58.17924362,57.42247061,58.93601662,57.09715426,59.26133298
01/02/2029,58.19420769,57.43392045,58.95449493,57.10709342,59.28132196
01/03/2029,58.19117482,57.42741603,58.95493361,57.09909668,59.28325297
01/04/2029,58.17877445,57.41157964,58.94596926,57.08178323,59.27576567
01/05/2029,58.15862434,57.38798758,58.9292611,57.05671157,59.2605371
01/06/2029,58.15801163,57.38393116,58.9320921,57.05117479,59.26484847
01/07/2029,58.1767884,57.39927004,58.95430676,57.06503582,59.28854098
01/08/2029,58.17523037,57.39429113,58.95616961,57.05858636,59.29187438
01/09/2029,58.17767759,57.39335046,58.96200472,57.05618933,59.29916585
01/10/2029,58.2012678,57.41356009,58.98897551,57.07494574,59.32758986
01/11/2029,58.19416397,57.40307944,58.9852485,57.06301348,59.32531445
01/12/2029,58.1701808,57.37575444,58.96460716,57.03425192,59.30610967
01/01/2030,58.17924362,57.38148664,58.97700059,57.03855239,59.31993485
01/02/2030,58.19420769,57.39311625,58.99529913,57.04874859,59.33966679
01/03/2030,58.19117482,57.38678791,58.99556173,57.04100362,59.34134602
01/04/2030,58.17877445,57.37112435,58.98642455,57.0239373,59.3336116
01/05/2030,58.15862434,57.34770398,58.96954469,56.99911114,59.31813753
01/06/2030,58.15801163,57.34381792,58.97220533,56.99381796,59.3222053
01/07/2030,58.1767884,57.35932549,58.99425131,57.00792018,59.34565661
01/08/2030,58.17523037,57.35451306,58.99594768,57.00170877,59.34875197
01/09/2030,58.17767759,57.35373593,59.00161925,56.99954558,59.3558096
01/10/2030,58.2012678,57.37410745,59.02842815,57.01853347,59.38400213
01/11/2030,58.19416397,57.36378722,59.02454072,57.0068306,59.38149734
01/12/2030,58.1701808,57.33661973,59.00374186,56.97829426,59.36206734
01/01/2031,58.17924362,57.3425077,59.01597954,56.98281744,59.3756698
01/02/2031,58.19420769,57.35429204,59.03412334,56.9932349,59.39518048
01/03/2031,58.19117482,57.34811545,59.0342342,56.9857069,59.39664274
01/04/2031,58.17877445,57.332601,59.02494789,56.96885381,59.38869509
01/05/2031,58.15862434,57.30932896,59.00791971,56.94423973,59.37300894
01/06/2031,58.15801163,57.30559026,59.010433,56.93915724,59.37686601
01/07/2031,58.1767884,57.32124389,59.03233291,56.95346832,59.40010848
01/08/2031,58.17523037,57.31657577,59.03388497,56.94746326,59.40299748
01/09/2031,58.17767759,57.31594058,59.03941459,56.94550303,59.40985215
01/10/2031,58.2012678,57.33645276,59.06608284,56.96469204,59.43784356
01/11/2031,58.19416397,57.32627206,59.06205587,56.95318869,59.43513925
01/12/2031,58.1701808,57.29924173,59.04111986,56.92484846,59.41551313
01/01/2032,58.17924362,57.30526547,59.05322177,56.92956577,59.42892146
01/02/2032,58.19420769,57.31718482,59.07123056,56.94017629,59.44823909
01/03/2032,58.19117482,57.31114078,59.07120887,56.93283782,59.44951182
01/04/2032,58.17877445,57.29575672,59.06179218,56.91617116,59.44137774
01/05/2032,58.15862434,57.2726145,59.04463418,56.8917427,59.42550597
01/06/2032,58.15801163,57.26900487,59.04701838,56.88684479,59.42917846
01/07/2032,58.1767884,57.28478659,59.06879021,56.90133902,59.45223778
01/08/2032,58.17523037,57.28024516,59.07021558,56.8955151,59.45494564
01/09/2032,58.17767759,57.27973467,59.0756205,56.89373317,59.461622
01/10/2032,58.2012678,57.30037055,59.10216505,56.91309906,59.48943654
01/11/2032,58.19416397,57.29031267,59.09801526,56.90177132,59.48655662
01/12/2032,58.1701808,57.26340317,59.07695843,56.87360386,59.46675773
01/01/2033,58.17924362,57.26954662,59.08894061,56.87849236,59.47999487
01/02/2033,58.19420769,57.28158514,59.10683024,56.88927326,59.49914212
01/03/2033,58.19117482,57.27565817,59.10669147,56.8821022,59.50024744
01/04/2033,58.17877445,57.26038939,59.09715951,56.86560036,59.49194854
01/05/2033,58.15862434,57.23736202,59.07988665,56.84133614,59.47591253
01/06/2033,58.15801163,57.23386672,59.08215654,56.83660169,59.47942157
01/07/2033,58.1767884,57.24976195,59.10381485,56.85125823,59.50231857
01/08/2033,58.17523037,57.24533288,59.10512786,56.84559497,59.50486577
01/09/2033,58.17767759,57.2449331,59.11042208,56.84397134,59.51138384
01/10/2033,58.2012678,57.26567886,59.13685674,56.86349434,59.53904126
01/11/2033,58.19416397,57.25573018,59.13259776,56.85232274,59.53600519
01/12/2033,58.1701808,57.22892818,59.11143341,56.82430901,59.51605258
01/01/2034,58.17924362,57.23517824,59.12330899,56.82934994,59.5291373
01/02/2034,58.19420769,57.24732294,59.14109244,56.84028266,59.54813272
01/03/2034,58.19117482,57.24150038,59.14084926,56.83326089,59.54908875
01/04/2034,58.17877445,57.22633446,59.13121444,56.81690614,59.54064276
01/05/2034,58.15862434,57.20340967,59.11383901,56.79278859,59.52446009
01/06/2034,58.15801163,57.20001652,59.11600673,56.7882002,59.52782305
01/07/2034,58.1767884,57.21601327,59.13756353,56.8030019,59.5505749
01/08/2034,58.17523037,57.21168476,59.13877598,56.79748242,59.55297832
01/09/2034,58.17767759,57.2113841,59.14397107,56.79600053,59.55935464
01/10/2034,58.2012678,57.23222834,59.17030726,56.81566435,59.58687126
01/11/2034,58.19416397,57.22237758,59.16595036,56.80463276,59.58369518
01/12/2034,58.1701808,57.19567205,59.14468954,56.77675697,59.56360463
01/01/2035,58.17924362,57.20201783,59.15646941,56.78193476,59.57655248
01/02/2035,58.19420769,57.21425792,59.17415746,56.79300389,59.59541149
01/03/2035,58.19117482,57.20852923,59.17382041,56.78611634,59.59623331
01/04/2035,58.17877445,57.19345585,59.16409305,56.7698939,59.587655
01/05/2035,58.15862434,57.17062339,59.14662529,56.74590837,59.57134031
01/06/2035,58.15801163,57.16732225,59.148701,56.74145155,59.57457171
01/07/2035,58.1767884,57.1834105,59.1701663,56.75638407,59.59719273
01/08/2035,58.17523037,57.17917266,59.17128808,56.75099425,59.59946649
01/09/2035,58.17767759,57.17896146,59.17639372,56.74964027,59.60571491
01/10/2035,58.2012678,57.1998946,59.202641,56.7694312,59.6331044
01/11/2035,58.19416397,57.1901323,59.19819564,56.7585261,59.62980184
01/12/2035,58.1701808,57.16351397,59.17684762,56.73077499,59.6095866
01/01/2036,58.17924362,57.16994631,59.18854092,56.73607656,59.62241068
01/02/2036,58.19420769,57.18227273,59.20614265,56.74726912,59.64114626
01/03/2036,58.19117482,57.17662903,59.20572061,56.74050309,59.64184655
01/04/2036,58.17877445,57.16163948,59.19590942,56.72440052,59.63314838
01/05/2036,58.15862434,57.13889071,59.17835797,56.70053465,59.61671402
01/06/2036,58.15801163,57.13567301,59.18035024,56.69619715,59.61982611
01/07/2036,58.1767884,57.15184427,59.20173253,56.71124837,59.64232843
01/08/2036,58.17523037,57.14768876,59.20277198,56.70597627,59.64448447
01/09/2036,58.17767759,57.1475588,59.20779638,56.70473845,59.65061673
01/10/2036,58.2012678,57.16857273,59.23396287,56.72464491,59.67789069
01/11/2036,58.19416397,57.15889086,59.22943707,56.71385481,59.67447313
01/12/2036,58.1701808,57.13235186,59.20800974,56.68621712,59.65414447
01/01/2037,58.17924362,57.13886299,59.21962425,56.69163135,59.66685589
01/02/2037,58.19420769,57.15126802,59.23714736,56.70293631,59.68547907
01/03/2037,58.19117482,57.14570174,59.2366479,56.69628099,59.68606865
01/04/2037,58.17877445,57.13078859,59.22676031,56.68028767,59.67726123
01/05/2037,58.15862434,57.10811613,59.20913254,56.65653092,59.66071776
01/06/2037,58.15801163,57.10497456,59.21104869,56.65230227,59.66372099
01/07/2037,58.1767884,57.1212216,59.2323552,56.66746183,59.68611497
01/08/2037,58.17523037,57.11714125,59.23331949,56.66229721,59.68816353
01/09/2037,58.17767759,57.11708552,59.23826965,56.66116553,59.69418964
01/10/2037,58.2012678,57.1381733,59.2643623,56.68117758,59.72135802
01/11/2037,58.19416397,57.12856497,59.25976296,56.67049264,59.7178353
01/12/2037,58.1701808,57.10209853,59.23826306,56.64295871,59.69740288
01/01/2038,58.17924362,57.10868177,59.24980547,56.64847604,59.7100112
01/02/2038,58.19420769,57.12115877,59.2672566,56.65988392,59.72853146
01/03/2038,58.19117482,57.11566342,59.26668622,56.65333,59.72901964
01/04/2038,58.17877445,57.10082029,59.25672861,56.6374368,59.7201121
01/05/2038,58.15862434,57.07821779,59.23903088,56.61378009,59.70346859
01/06/2038,58.15801163,57.07514605,59.24087721,56.60965127,59.70637198
01/07/2038,58.1767884,57.0914626,59.2621142,56.62491025,59.72866655
01/08/2038,58.17523037,57.08745126,59.26300948,56.61984429,59.73061645
01/09/2038,58.17767759,57.08746369,59.26789148,56.61881007,59.7365451
01/10/2038,58.2012678,57.10861931,59.29391629,56.63891913,59.76361648
01/11/2038,58.19416397,57.09907857,59.28924936,56.62833082,59.75999711
01/12/2038,58.1701808,57.07267885,59.26768275,56.60089229,59.7394693
01/01/2039,58.17924362,57.0793284,59.27915883,56.60650445,59.75198279
01/02/2039,58.19420769,57.09187163,59.29654375,56.61800702,59.77040836
01/03/2039,58.19117482,57.08644155,59.29590809,56.61154645,59.77080319
01/04/2039,58.17877445,57.0716629,59.285886,56.59574544,59.76180346
01/05/2039,58.15862434,57.04912485,59.26812382,56.57218088,59.7450678
01/06/2039,58.15801163,57.04611744,59.26990581,56.56814405,59.7478792
01/07/2039,58.1767884,57.06249809,59.29107871,56.58349467,59.77008213
01/08/2039,58.17523037,57.05855038,59.29191036,56.5785197,59.77194104
01/09/2039,58.17767759,57.05862569,59.29672948,56.57757539,59.77777978
01/10/2039,58.2012678,57.07984392,59.32269169,56.59777396,59.80476164
01/11/2039,58.19416397,57.07036557,59.31796236,56.58727488,59.80105306
01/12/2039,58.1701808,57.04402746,59.29633413,56.55992444,59.78043715
01/01/2040,58.17924362,57.05073828,59.30774895,56.56562421,59.79286303
01/02/2040,58.19420769,57.06334271,59.32507267,56.57721429,59.81120109
01/03/2040,58.19117482,57.05797299,59.32437666,56.57084001,59.81150963
01/04/2040,58.17877445,57.04325396,59.31429494,56.55512425,59.80242465
01/05/2040,58.15862434,57.02077553,59.29647315,56.53164494,59.78560374
01/06/2040,58.15801163,57.01782766,59.2981956,56.52769325,59.78833001
01/07/2040,58.1767884,57.03426763,59.31930917,56.5431287,59.8104481
01/08/2040,58.17523037,57.03037885,59.32008189,56.53823798,59.81222276
01/09/2040,58.17767759,57.03051241,59.32484277,56.53737696,59.81797822
01/10/2040,58.2012678,57.05178864,59.35074696,56.55765848,59.84487712
01/11/2040,58.19416397,57.04236813,59.3459598,56.54724209,59.84108584
01/12/2040,58.1701808,57.01608715,59.32427444,56.51997334,59.82038825
01/01/2041,58.17924362,57.0228548,59.33563244,56.52575436,59.83273288
01/02/2041,58.19420769,57.03551601,59.35289937,56.53742564,59.85098974
01/03/2041,58.19117482,57.03020229,59.35214735,56.53113144,59.8512182
01/04/2041,58.17877445,57.01553862,59.34201028,56.51549483,59.84205406
01/05/2041,58.15862434,56.99311555,59.32413312,56.49209468,59.82515399
01/06/2041,58.15801163,56.99022299,59.32580026,56.48822208,59.82780117
01/07/2041,58.1767884,57.0067181,59.3468587,56.50373636,59.84984044
01/08/2041,58.17523037,57.00288408,59.34757666,56.49892396,59.85153678
01/09/2041,58.17767759,57.0030718,59.35228338,56.49814037,59.85721481
01/10/2041,58.2012678,57.02440198,59.37813362,56.51849903,59.88403657
01/11/2041,58.19416397,57.01503528,59.37329265,56.50815959,59.88016835
01/12/2041,58.1701808,56.98880746,59.35155413,56.48096685,59.85939474
01/01/2042,58.17924362,56.99562801,59.36285923,56.48682351,59.87166373
01/02/2042,58.19420769,57.00834209,59.38007329,56.49857038,59.889845
01/03/2042,58.19117482,57.00308054,59.3792691,56.49235078,59.88999886
01/04/2042,58.17877445,56.98846844,59.36908046,56.47678791,59.88076099
01/05/2042,58.15862434,56.96609696,59.35115171,56.45346153,59.86378714
01/06/2042,58.15801163,56.96325596,59.35276729,56.44966265,59.86636061
01/07/2042,58.1767884,56.97980247,59.37377433,56.46525042,59.88832638
01/08/2042,58.17523037,56.97601954,59.3744412,56.46051106,59.88994968
01/09/2042,58.17767759,56.97625777,59.3790974,56.45979972,59.89555546
01/10/2042,58.2012678,56.99763831,59.4048973,56.48023037,59.92230523
01/11/2042,58.19416397,56.98832183,59.40000611,56.46996274,59.9183652
01/12/2042,58.1701808,56.96214364,59.37821795,56.44284097,59.89752062
01/01/2043,58.17924362,56.96901359,59.38947365,56.44876827,59.90971897
01/02/2043,58.19420769,56.98177706,59.40663832,56.46058576,59.92782962
01/03/2043,58.19117482,56.97656425,59.40578539,56.45443585,59.92791379
01/04/2043,58.17877445,56.96200035,59.39554855,56.4389419,59.918607
01/05/2043,58.15862434,56.93967711,59.37757157,56.41568449,59.90156418
01/06/2043,58.15801163,56.93688431,59.37913894,56.41195454,59.90406872
01/07/2043,58.1767884,56.9534789,59.4000979,56.42761106,59.92596574
01/08/2043,58.17523037,56.94974376,59.40071698,56.42294004,59.9275207
01/09/2043,58.17767759,56.95002927,59.4053259,56.42229629,59.93305888
01/10/2043,58.2012678,56.97145693,59.43107867,56.44279433,59.95974127
01/11/2043,58.19416397,56.96218748,59.42614046,56.43259393,59.955734
01/12/2043,58.1701808,56.93605577,59.40430582,56.40553863,59.93482296
01/01/2044,58.17924362,56.94297199,59.41551524,56.41153209,59.94695515
01/02/2044,58.19420769,56.95578174,59.43263364,56.42341575,59.96499963
01/03/2044,58.19117482,56.95061461,59.43173503,56.41733115,59.96501849
01/04/2044,58.17877445,56.93609588,59.42145302,56.4019018,59.9556471
01/05/2044,58.15862434,56.91381786,59.40343081,56.37870905,59.93853962
01/06/2044,58.15801163,56.91107028,59.40495297,56.37504375,59.94097951
01/07/2044,58.1767884,56.92770996,59.42586684,56.39076475,59.96281205
01/08/2044,58.17523037,56.92401966,59.42644108,56.38615784,59.9643029
01/09/2044,58.17767759,56.92434954,59.43100564,56.38557753,59.96977764
01/10/2044,58.2012678,56.94582143,59.45671417,56.40613882,59.99639678
01/11/2044,58.19416397,56.93659612,59.45173181,56.39600154,59.99232639
01/12/2044,58.1701808,56.91050806,59.42985353,56.36900865,59.97135294
01/01/2045,58.17924362,56.91746775,59.44101949,56.37506426,59.98342298
01/02/2045,58.19420769,56.93032097,59.45809441,56.38701007,60.0014053
01/03/2045,58.19117482,56.92519676,59.45715288,56.38098686,60.00136279
01/04/2045,58.17877445,56.91072049,59.44682841,56.36561822,59.99193068
01/05/2045,58.15862434,56.88848499,59.42876369,56.34248626,59.97476242
01/06/2045,58.15801163,56.88577991,59.43024334,56.33888173,59.97714152
01/07/2045,58.1767884,56.90246201,59.45111479,56.35466338,59.99891342
01/08/2045,58.17523037,56.89881388,59.45164686,56.35011678,60.00034396
01/09/2045,58.17767759,56.89918551,59.45616967,56.34959616,60.00575902
01/10/2045,58.2012678,56.92069902,59.48183658,56.37021696,60.03231864
01/11/2045,58.19416397,56.91151526,59.47681267,56.3601391,60.02818884
01/12/2045,58.1701808,56.8854683,59.45489329,56.33320496,60.00715663
01/01/2046,58.17924362,56.89246891,59.46601833,56.33931909,60.01916815
01/02/2046,58.19420769,56.90536307,59.48305231,56.35132345,60.03709193
01/03/2046,58.19117482,56.90027929,59.48207035,56.34535804,60.0369916
01/04/2046,58.17877445,56.88584303,59.47170587,56.33004661,60.02750229
01/05/2046,58.15862434,56.86364759,59.45360109,56.30697193,60.01027675
01/06/2046,58.15801163,56.86098258,59.45504067,56.30342469,60.01259856
01/07/2046,58.1767884,56.87770466,59.47587214,56.31926352,60.03431328
01/08/2046,58.17523037,56.8740963,59.47636444,56.31477377,60.03568697
01/09/2046,58.17767759,56.87450729,59.48084788,56.31430945,60.04104573
01/10/2046,58.2012678,56.89606008,59.50647552,56.3349864,60.06754921
01/11/2046,58.19416397,56.88691552,59.50141242,56.32496459,60.06336335
01/12/2046,58.1701808,56.86090733,59.47945426,56.2980859,60.0422757
01/01/2047,58.17924362,56.86794657,59.49054067,56.30425525,60.05423199
01/02/2047,58.19420769,56.88087937,59.507536,56.31631487,60.07210051
01/03/2047,58.19117482,56.87583377,59.50651587,56.31040405,60.07194559
01/04/2047,58.17877445,56.86143529,59.49611361,56.29514663,60.06240227
01/05/2047,58.15862434,56.83927769,59.47797099,56.27212606,60.04512262
01/06/2047,58.15801163,56.83665053,59.47937273,56.26863295,60.04739031
01/07/2047,58.1767884,56.85341038,59.50016642,56.28452578,60.06905102
01/08/2047,58.17523037,56.84983961,59.50062113,56.28008978,60.07037096
01/09/2047,58.17767759,56.85028781,59.50506737,56.27967866,60.07567652
01/10/2047,58.2012678,56.87187771,59.53065789,56.30040868,60.10212692
01/11/2047,58.19416397,56.86277022,59.52555772,56.29043987,60.09788807
01/12/2047,58.1701808,56.8367987,59.50356289,56.26361361,60.07674798
01/01/2048,58.17924362,56.84387447,59.51461277,56.2698352,60.08865204
01/02/2048,58.19420769,56.85684384,59.53157154,56.2819471,60.10646828
01/03/2048,58.19117482,56.85183436,59.53051528,56.27608793,60.10626171
01/04/2048,58.17877445,56.83747163,59.52007727,56.26088163,60.09666727
01/05/2048,58.15862434,56.81534983,59.50189884,56.23791226,60.07933641
01/06/2048,58.15801163,56.8127585,59.50326475,56.23447038,60.08155287
01/07/2048,58.1767884,56.82955413,59.52402267,56.25041437,60.10316243
01/08/2048,58.17523037,56.82601894,59.5244418,56.24602925,60.10443149
01/09/2048,58.17767759,56.82650238,59.52885279,56.24566852,60.10968666
01/10/2048,58.2012678,56.84812745,59.55440816,56.26644882,60.13608679
01/11/2048,58.19416397,56.83905507,59.54927287,56.25653022,60.13179772
01/12/2048,58.1701808,56.8131183,59.5272433,56.22975364,60.11060795
01/01/2049,58.17924362,56.82022869,59.53825855,56.23602474,60.1224625
01/02/2049,58.19420769,56.83323271,59.55518266,56.24818619,60.14022919
01/03/2049,58.19117482,56.82825748,59.55409217,56.24237598,60.13997366
01/04/2049,58.17877445,56.81392864,59.54362026,56.22721815,60.13033074
01/05/2049,58.15862434,56.79184081,59.52540786,56.20429735,60.11295133
01/06/2049,58.15801163,56.78928347,59.52673979,56.20090406,60.11511919
01/07/2049,58.1767884,56.80611302,59.54746378,56.21689656,60.13668024
01/08/2049,58.17523037,56.8026116,59.54784914,56.21255972,60.13790102
01/09/2049,58.17767759,56.80312848,59.55222669,56.21224681,60.14310837
01/10/2049,58.2012678,56.82478691,59.57774869,56.23307482,60.16946078
01/11/2049,58.19416397,56.81574787,59.57258006,56.22320388,60.16512405
01/12/2049,58.1701808,56.78984408,59.55051751,56.19647447,60.14388712
01/01/2050,58.17924362,56.79698735,59.56149989,56.20279257,60.15569466
01/02/2050,58.19420769,56.81002429,59.57839109,56.21500109,60.17341429
01/03/2050,58.19117482,56.80508157,59.57726807,56.20923738,60.17311226
01/04/2050,58.17877445,56.79078494,59.56676396,56.19412559,60.16342331
01/05/2050,58.15862434,56.76872937,59.5485193,56.17125092,60.14599775
01/06/2050,58.15801163,56.76620432,59.54981894,56.16790381,60.14811945
01/07/2050,58.1767884,56.78306612,59.57051068,56.18394241,60.16963439
01/08/2050,58.17523037,56.77959678,59.57086396,56.17965146,60.17080928
01/09/2050,58.17767759,56.78014546,59.57520972,56.179384,60.17597118
01/10/2050,58.2012678,56.80183562,59.60069999,56.20025737,60.20227823
01/11/2050,58.19416397,56.79282827,59.59549967,56.19043176,60.19789618
01/12/2050,58.1701808,56.76695585,59.57340574,56.1637472,60.17661439
01/01/2051,58.17924362,56.77413039,59.58435685,56.17011001,60.18837722
01/02/2051,58.19420769,56.78719863,59.60121675,56.18236329,60.20605209
01/03/2051,58.19117482,56.78228685,59.60006279,56.17664382,60.20570582
01/04/2051,58.17877445,56.76802086,59.58952804,56.16157585,60.19597305
01/05/2051,58.15862434,56.745996,59.57125268,56.13874508,60.17850359
01/06/2051,58.15801163,56.74350168,59.57252158,56.13544191,60.18058134
01/07/2051,58.1767884,56.76039417,59.59318263,56.1515244,60.2020524
01/08/2051,58.17523037,56.75695539,59.59350535,56.14727714,60.2031836
01/09/2051,58.17767759,56.75753433,59.59782084,56.14705296,60.20830222
01/10/2051,58.2012678,56.7792547,59.6232809,56.16796953,60.23456607
01/11/2051,58.19416397,56.77027754,59.61805039,56.15818708,60.23014086
01/12/2051,58.1701808,56.74443501,59.59592659,56.13154525,60.20881634
01/01/2052,58.17924362,56.75163933,59.60684791,56.13795066,60.22053658
01/02/2052,58.19420769,56.7647374,59.62367798,56.15024658,60.2381688
01/03/2052,58.19117482,56.75985511,59.62249453,56.14456928,60.23778036
01/04/2052,58.17877445,56.74561831,59.61193058,56.12954305,60.22800584
01/05/2052,58.15862434,56.72362272,59.59362595,56.10675414,60.21049454
01/06/2052,58.15801163,56.7211577,59.59486555,56.10349286,60.21253039
01/07/2052,58.1767884,56.73807946,59.61549734,56.11961719,60.23395961
01/08/2052,58.17523037,56.73466981,59.61579093,56.11541159,60.23504915
01/09/2052,58.17767759,56.73527762,59.62007756,56.11522868,60.2401265
01/10/2052,58.2012678,56.7570268,59.6455088,56.13618646,60.26634914
01/11/2052,58.19416397,56.74807844,59.6402495,56.12644518,60.26188276
01/12/2052,58.1701808,56.72226441,59.61809718,56.09984411,60.24051748
01/01/2053,58.17924362,56.72949715,59.62899009,56.10629015,60.25219708
01/02/2053,58.19420769,56.74262369,59.64579169,56.11862678,60.2697886
01/03/2053,58.19117482,56.73776953,59.64458011,56.11298971,60.26935993
01/04/2053,58.17877445,56.72356061,59.63398829,56.09800334,60.25954556
01/05/2053,58.15862434,56.70159296,59.61565572,56.07525437,60.24199431
01/06/2053,58.15801163,56.69915591,59.61686735,56.07203309,60.24399017
01/07/2053,58.1767884,56.7161056,59.6374712,56.08819737,60.26537943
01/08/2053,58.17523037,56.71272378,59.63773696,56.08403154,60.2664292
01/09/2053,58.17767759,56.71335915,59.64199603,56.08388805,60.27146712
01/10/2053,58.2012678,56.73513586,59.66739974,56.10488519,60.29765042
01/11/2053,58.19416397,56.726215,59.66211294,56.09518324,60.2931447
01/12/2053,58.1701808,56.70042821,59.63993339,56.06862111,60.27174048
01/01/2054,58.17924362,56.70768811,59.65079913,56.07510599,60.28338125
01/02/2054,58.19420769,56.72084184,59.66757354,56.0874815,60.30093388
01/03/2054,58.19117482,56.71601458,59.66633506,56.08188288,60.30046676
01/04/2054,58.17877445,56.7018323,59.6557166,56.0669346,60.2906143
01/05/2054,58.15862434,56.67989135,59.63735733,56.04422382,60.27302485
01/06/2054,58.15801163,56.67748104,59.63854222,56.04104078,60.27498248
01/07/2054,58.1767884,56.69445745,59.65911935,56.05724326,60.29633354
01/08/2054,58.17523037,56.69110223,59.65935851,56.05311547,60.29734527
01/09/2054,58.17767759,56.69176397,59.66359121,56.05300968,60.3023455
01/10/2054,58.2012678,56.713567,59.6889686,56.07404445,60.32849115
01/11/2054,58.19416397,56.70467245,59.68365549,56.06438012,60.32394781
01/12/2054,58.1701808,56.67891171,59.66144988,56.03785525,60.30250634
01/01/2055,58.17924362,56.68619759,59.67228965,56.04437728,60.31410996
01/02/2055,58.19420769,56.69937735,59.68903803,56.05679001,60.33162537
01/03/2055,58.19117482,56.69457583,59.68777381,56.05122819,60.33112145
01/04/2055,58.17877445,56.68041904,59.67712986,56.03631636,60.32123253
01/05/2055,58.15862434,56.65850365,59.65874502,56.01364213,60.30360654
01/06/2055,58.15801163,56.65611894,59.65990431,56.01049569,60.30552756
01/07/2055,58.1767884,56.67312093,59.68045587,56.02673475,60.32684205
01/08/2055,58.17523037,56.66979118,59.68066956,56.02264338,60.32781736
01/09/2055,58.17767759,56.67047816,59.68487701,56.02257368,60.33278149
01/10/2055,58.2012678,56.69230641,59.7102292,56.0436445,60.3588911
01/11/2055,58.19416397,56.68343706,59.70489088,56.03401621,60.35431173
01/12/2055,58.1701808,56.65770128,59.68266032,56.00752703,60.33283456
01/01/2056,58.17924362,56.66501205,59.69347519,56.01408464,60.3444026
01/02/2056,58.19420769,56.67821674,59.71019864,56.02653302,60.36188235
01/03/2056,58.19117482,56.67343988,59.70890976,56.02100646,60.36134318
01/04/2056,58.17877445,56.65930752,59.69824138,56.00612957,60.35141933
01/05/2056,58.15862434,56.63741663,59.67983204,55.98349037,60.3337583
01/06/2056,58.15801163,56.63505646,59.68096679,55.98037901,60.33564424
01/07/2056,58.1767884,56.65208297,59.70149383,55.99665312,60.35692367
01/08/2056,58.17523037,56.64877763,59.70168311,55.99259667,60.35786407
01/09/2056,58.17767759,56.64948882,59.70586636,55.99256159,60.36279359
01/10/2056,58.2012678,56.67134123,59.73119437,56.01366697,60.38886863
01/11/2056,58.19416397,56.66249605,59.72583188,56.00407323,60.38425471
01/12/2056,58.1701808,56.6367842,59.70357739,55.97761827,60.36274332
01/01/2057,58.17924362,56.64411885,59.71436839,55.98421002,60.37427722
01/02/2057,58.19420769,56.65734746,59.73106792,55.9966926,60.39172278
01/03/2057,58.19117482,56.65259425,59.72975539,55.99119986,60.39114978
01/04/2057,58.17877445,56.63848534,59.71906356,55.97635649,60.38119241
01/05/2057,58.15862434,56.61661795,59.70063072,55.9537509,60.36349778
01/06/2057,58.15801163,56.61428132,59.70174193,55.9506732,60.36535005
01/07/2057,58.1767884,56.63133136,59.72224544,55.96698096,60.38659584
01/08/2057,58.17523037,56.62804946,59.72241128,55.96295801,60.38750273
01/09/2057,58.17767759,56.62878388,59.7265713,55.96295615,60.39239903
01/10/2057,58.2012678,56.6506595,59.7518761,55.98409471,60.41844089
01/11/2057,58.19416397,56.64183752,59.74649042,55.97453414,60.41379379
01/12/2057,58.1701808,56.61614865,59.72421294,55.94811204,60.39224955
01/01/2058,58.17924362,56.62350622,59.73498102,55.95473657,60.40375067
01/02/2058,58.19420769,56.6367578,59.75165758,55.96725199,60.42116339
01/03/2058,58.19117482,56.6320273,59.75032234,55.96179174,60.4205579
01/04/2058,58.17877445,56.6179409,59.739608,55.94698056,60.41056834
01/05/2058,58.15862434,56.5960961,59.72115258,55.92440725,60.39284142
01/06/2058,58.15801163,56.59378208,59.72224117,55.92136189,60.39466136
01/07/2058,58.1767884,56.61085472,59.74272208,55.93770197,60.41587483
01/08/2058,58.17523037,56.60759534,59.7428654,55.93371122,60.41674952
01/09/2058,58.17767759,56.60835209,59.74700309,55.93374128,60.4216139
01/10/2058,58.2012678,56.63025,59.7722856,55.95491172,60.44762388
01/11/2058,58.19416397,56.62145032,59.76687762,55.94538304,60.4429449
01/12/2058,58.1701808,56.59578354,59.74457805,55.91899252,60.42136907
01/01/2059,58.17924362,56.60316314,59.7553241,55.92564855,60.43283869
01/02/2059,58.19420769,56.6164368,59.77197858,55.93819555,60.45021983
01/03/2059,58.19117482,56.61172815,59.77062149,55.93276652,60.44958312
01/04/2059,58.17877445,56.59766339,59.75988551,55.91798629,60.43956261
01/05/2059,58.15862434,56.5758403,59.74140838,55.89544403,60.42180465
01/06/2059,58.15801163,56.57354804,59.74247522,55.89242977,60.42359348
01/07/2059,58.1767884,56.59064241,59.76293439,55.90880093,60.44477587
01/08/2059,58.17523037,56.58740469,59.76305605,55.90484115,60.44561959
01/09/2059,58.17767759,56.58818291,59.76717227,55.90490191,60.45045327
01/10/2059,58.2012678,56.61010228,59.79243333,55.92610303,60.47643257
01/11/2059,58.19416397,56.60132404,59.78700389,55.91660501,60.47172292
01/12/2059,58.1701808,56.57567851,59.76468308,55.89024488,60.45011671
01/01/2060,58.17924362,56.58307931,59.77540792,55.89693123,60.46155601
01/02/2060,58.19420769,56.59637422,59.79204116,55.90950861,60.47890677
01/03/2060,58.19117482,56.59168659,59.79066305,55.90410964,60.47824
01/04/2060,58.17877445,56.57764267,59.77990623,55.88935919,60.4681897
01/05/2060,58.15862434,56.55584047,59.7614082,55.86684682,60.45040186
01/06/2060,58.15801163,56.55356914,59.76245411,55.86386249,60.45216076
01/07/2060,58.1767884,56.57068445,59.78289235,55.88026358,60.47331322
01/08/2060,58.17523037,56.56746758,59.78299316,55.87633361,60.47412713
01/09/2060,58.17767759,56.56826647,59.78708871,55.87642393,60.47893124
01/10/2060,58.2012678,56.59020649,59.81232911,55.89765458,60.50488102
01/11/2060,58.19416397,56.58144891,59.80687902,55.88818611,60.50014183
01/12/2060,58.1701808,56.55582385,59.78453774,55.86185524,60.47850635
01/01/2061,58.17924362,56.56324507,59.79524216,55.86857078,60.48991646
01/02/2061,58.19420769,56.57656045,59.81185493,55.88117742,60.50723796
01/03/2061,58.19117482,56.57189306,59.81045658,55.87580741,60.50654223
01/04/2061,58.17877445,56.55786921,59.79967969,55.86108566,60.49646324
01/05/2061,58.15862434,56.53608715,59.78116153,55.83860207,60.47864661
01/06/2061,58.15801163,56.53383599,59.78218726,55.83564659,60.48037667
01/07/2061,58.1767884,56.55097146,59.80260534,55.85207651,60.50150029
01/08/2061,58.17523037,56.54777468,59.80268606,55.84817527,60.50228547
01/09/2061,58.17767759,56.5485935,59.80676168,55.84829408,60.50706109
01/10/2061,58.2012678,56.57055343,59.83198217,55.8695532,60.5329824
01/11/2061,58.19416397,56.56181577,59.82651217,55.86011319,60.52821474
01/12/2061,58.1701808,56.53621043,59.80415116,55.83381053,60.50655106
01/01/2062,58.17924362,56.54365134,59.8148359,55.84055423,60.51793301
01/02/2062,58.19420769,56.55698644,59.83142894,55.85318908,60.5352263
01/03/2062,58.19117482,56.55233858,59.83001106,55.84784698,60.53450266
01/04/2062,58.17877445,56.53833408,59.81921482,55.8331529,60.52439599
01/05/2062,58.15862434,56.51657143,59.80067724,55.81069707,60.5065516
01/06/2062,58.15801163,56.51433973,59.80168352,55.80776941,60.50825385
01/07/2062,58.1767884,56.53149465,59.82208215,55.82422714,60.52934966
01/08/2062,58.17523037,56.52831725,59.82214349,55.82035361,60.53010713
01/09/2062,58.17767759,56.52915529,59.82619989,55.82049991,60.53485527
01/10/2062,58.2012678,56.55113442,59.85140118,55.84178649,60.56074912
01/11/2062,58.19416397,56.54241597,59.84591197,55.83237394,60.55595399
01/12/2062,58.1701808,56.51682966,59.82353193,55.8060985,60.53426309
01/01/2063,58.17924362,56.52428957,59.83419767,55.81286935,60.54561789
01/02/2063,58.19420769,56.53764371,59.85077167,55.82553143,60.56288395
01/03/2063,58.19117482,56.53301469,59.84933495,55.82021626,60.56213338
01/04/2063,58.17877445,56.51902886,59.83852004,55.80554889,60.55200001
01/05/2063,58.15862434,56.49728495,59.81996372,55.78311985,60.53412882
01/06/2063,58.15801163,56.49507203,59.82095123,55.78021904,60.53580422
01/07/2063,58.1767884,56.51224572,59.84133108,55.79670361,60.55687319
01/08/2063,58.17523037,56.50908703,59.84137371,55.79285684,60.5576039
01/09/2063,58.17767759,56.50994362,59.84541155,55.79302966,60.56232551
01/10/2063,58.2012678,56.5319413,59.8705943,55.81434275,60.58819285
01/11/2063,58.19416397,56.52324139,59.86508655,55.80495673,60.58337121
01/12/2063,58.1701808,56.49767346,59.84268813,55.77870756,60.56165403
01/01/2064,58.17924362,56.50515171,59.85333553,55.78550464,60.5729826
01/02/2064,58.19420769,56.51852424,59.86989114,55.79819301,60.59022237
01/03/2064,58.19117482,56.51391341,59.86843623,55.79290386,60.58944578
01/04/2064,58.17877445,56.49994562,59.85760327,55.77826228,60.57928661
01/05/2064,58.15862434,56.47821982,59.83902886,55.75585913,60.56138955
01/06/2064,58.15801163,56.47602503,59.83999823,55.75298425,60.56303901
01/07/2064,58.1767884,56.49321686,59.86035994,55.76949475,60.58408205
01/08/2064,58.17523037,56.49007624,59.8603845,55.76567382,60.58478692
01/09/2064,58.17767759,56.49095076,59.86440442,55.76587228,60.5894829
01/10/2064,58.2012678,56.51296635,59.88956925,55.78721099,60.61532461
01/11/2064,58.19416397,56.50428436,59.88404357,55.77785059,60.61047735
01/12/2064,58.1701808,56.4787342,59.86162739,55.75162682,60.58873477
01/01/2065,58.17924362,56.48623017,59.87225707,55.75844924,60.600038
01/02/2065,58.19420769,56.49962047,59.88879491,55.77116302,60.61725236
01/03/2065,58.19117482,56.49502723,59.88732241,55.76589902,60.61645062
01/04/2065,58.17877445,56.48107688,59.87647202,55.75128238,60.60626652
01/05/2065,58.15862434,56.45936857,59.85788011,55.72890424,60.58834444
01/06/2065,58.15801163,56.45719132,59.85883194,55.72605443,60.58996883
01/07/2065,58.1767884,56.47440068,59.87917612,55.74259,60.61098679
01/08/2065,58.17523037,56.47127754,59.8791832,55.73879406,60.61166668
01/09/2065,58.17767759,56.47216939,59.88318578,55.73901731,60.61633787
01/10/2065,58.2012678,56.49420231,59.90833329,55.76038079,60.64215481
01/11/2065,58.19416397,56.48553765,59.90279028,55.75104517,60.63728277
01/12/2065,58.1701808,56.46000467,59.88035693,55.72484596,60.61551563
01/01/2066,58.17924362,56.46751778,59.89096946,55.7316929,60.62679434
01/02/2066,58.19420769,56.48092527,59.90749011,55.74443126,60.64398412
01/03/2066,58.19117482,56.47634904,59.9060006,55.73919158,60.64315806
01/04/2066,58.17877445,56.46241556,59.89513334,55.72459905,60.63294985
01/05/2066,58.15862434,56.44072417,59.8765245,55.70224512,60.61500356
01/06/2066,58.15801163,56.43856388,59.87745937,55.69941956,60.61660369
01/07/2066,58.1767884,56.45579021,59.89778659,55.7159794,60.6375974
01/08/2066,58.17523037,56.45268398,59.89777676,55.71220764,60.6382531
01/09/2066,58.17767759,56.45359261,59.90176257,55.71245487,60.64290031
01/10/2066,58.2012678,56.47564229,59.92689331,55.73384232,60.66869329
01/11/2066,58.19416397,56.4669944,59.92133353,55.72453068,60.66379725
01/12/2066,58.1701808,56.44147804,59.89888355,55.69835524,60.64200635
01/01/2067,58.17924362,56.44900775,59.90947949,55.70522591,60.65326133
01/02/2067,58.19420769,56.46243188,59.9259835,55.71798805,60.67042733
01/03/2067,58.19117482,56.45787212,59.92447753,55.71277192,60.66957772
01/04/2067,58.17877445,56.44395496,59.91359394,55.69820274,60.65934616
01/05/2067,58.15862434,56.42227996,59.89496871,55.67587224,60.64137644
01/06/2067,58.15801163,56.4201361,59.89588716,55.67307017,60.64295308
01/07/2067,58.1767884,56.43737885,59.91619795,55.68965349,60.66392331
01/08/2067,58.17523037,56.43428899,59.91617175,55.68590514,60.6645556
01/09/2067,58.17767759,56.43521387,59.92014131,55.6861756,60.66917958
01/10/2067,58.2012678,56.45727978,59.94525582,55.70758626,60.69494934
01/11/2067,58.19416397,56.44864814,59.9396798,55.69829785,60.69003009
01/12/2067,58.1701808,56.42314788,59.91721371,55.67214543,60.66821616
01/01/2068,58.17924362,56.43069366,59.92779358,55.67903908,60.67944816
01/02/2068,58.19420769,56.4441339,59.94428148,55.69182427,60.69659111
01/03/2068,58.19117482,56.43959009,59.94275955,55.68663094,60.6957187
01/04/2068,58.17877445,56.42568875,59.93186015,55.67208438,60.68546452
01/05/2068,58.15862434,56.40402963,59.91321905,55.64977657,60.6674721
01/06/2068,58.15801163,56.40190168,59.91412158,55.64699726,60.669026
01/07/2068,58.1767884,56.41916035,59.93441645,55.66360334,60.68997346
01/08/2068,58.17523037,56.41608635,59.93437439,55.65987767,60.69058307
01/09/2068,58.17767759,56.41702696,59.93832822,55.66017063,60.69518455
01/10/2068,58.2012678,56.43910861,59.96342699,55.68160379,60.72093182
01/11/2068,58.19416397,56.43049271,59.95783523,55.67233788,60.71599005
01/12/2068,58.1701808,56.40500805,59.93535354,55.64620778,60.69415381
01/01/2069,58.17924362,56.41256941,59.94591783,55.6531237,60.70536354
01/02/2069,58.19420769,56.42602527,59.96239011,55.66593122,60.72248416
01/03/2069,58.19117482,56.42149692,59.96085272,55.66076,60.72158964
01/04/2069,58.17877445,56.40761091,59.94993799,55.64623536,60.71131353
01/05/2069,58.15862434,56.38596718,59.9312815,55.62394956,60.69329911
01/06/2069,58.15801163,56.38385465,59.9321686,55.62119231,60.69483095
01/07/2069,58.1767884,56.40112875,59.95244805,55.63782045,60.71575635
01/08/2069,58.17523037,56.39807014,59.9523906,55.63411677,60.71634397
01/09/2069,58.17767759,56.39902601,59.95632917,55.63443155,60.72092362
01/10/2069,58.2012678,56.42112291,59.98141269,55.65588652,60.74664908
01/11/2069,58.19416397,56.41252227,59.97580566,55.64664245,60.74168549
01/12/2069,58.1701808,56.38705275,59.95330884,55.62053398,60.71982761
01/01/2070,58.17924362,56.39462921,59.96385803,55.62747149,60.73101574
01/02/2070,58.19420769,56.40810022,59.98031516,55.64030068,60.7481147
01/03/2070,58.19117482,56.40358687,59.97876278,55.6351509,60.74719874
01/04/2070,58.17877445,56.38971574,59.96783316,55.62064753,60.73690137
01/05/2070,58.15862434,56.36808693,59.94916175,55.59838307,60.7188656
01/06/2070,58.15801163,56.36598937,59.95003389,55.59564722,60.72037604
01/07/2070,58.1767884,56.38327843,59.97029837,55.61229676,60.74128004
01/08/2070,58.17523037,56.38023474,59.970226,55.60861442,60.74184632
01/09/2070,58.17767759,56.38120542,59.97414976,55.60895037,60.7464048
01/10/2070,58.2012678,56.40331712,59.99921848,55.6304265,60.7721091
01/11/2070,58.19416397,56.3947313,59.99359664,55.62120361,60.76712433
01/12/2070,58.1701808,56.36927645,59.97108514,55.59511614,60.74524546
01/01/2071,58.17924362,56.37686758,59.98161966,55.60207461,60.75641262
01/02/2071,58.19420769,56.39035329,59.99806209,55.61492482,60.77349056
01/03/2071,58.19117482,56.38585449,59.99649515,55.60979585,60.77255379
01/04/2071,58.17877445,56.37199779,59.98555111,55.59531312,60.76223578
01/05/2071,58.15862434,56.35038347,59.9668652,55.57306938,60.7441793
01/06/2071,58.15801163,56.34830044,59.96772282,55.57035429,60.74566896
01/07/2071,58.1767884,56.36560403,59.98797277,55.58702461,60.76655219
01/08/2071,58.17523037,56.36257483,59.98788591,55.58336298,60.76709776
01/09/2071,58.17767759,56.36355988,59.9917953,55.58371949,60.77163569
01/10/2071,58.2012678,56.38568595,60.01684965,55.60521617,60.79731943
01/11/2071,58.19416397,56.3771145,60.01121343,55.59601383,60.7923141
01/12/2071,58.1701808,56.35167392,59.98868767,55.56994675,60.77041485
01/01/2072,58.17924362,56.35927928,59.99920796,55.57692558,60.78156166
01/02/2072,58.19420769,56.37277926,60.01563612,55.58979619,60.79861919
01/03/2072,58.19117482,56.3682946,60.01405505,55.58468743,60.79766221
01/04/2072,58.17877445,56.35445192,60.00309698,55.57022475,60.78732415
01/05/2072,58.15862434,56.33285167,59.98439701,55.54800113,60.76924755
01/06/2072,58.15801163,56.33078274,59.98524051,55.54530621,60.77071705
01/07/2072,58.1767884,56.34810045,60.00547635,55.5619967,60.7915801
01/08/2072,58.17523037,56.34508532,60.00537542,55.5583552,60.79210554
01/09/2072,58.17767759,56.34608433,60.00927085,55.55873167,60.79662351
01/10/2072,58.2012678,56.36822436,60.03431124,55.58024831,60.8222873
01/11/2072,58.19416397,56.35966688,60.02866105,55.57106594,60.81726199
01/12/2072,58.1701808,56.33424015,60.00612144,55.54501866,60.79534293
01/01/2073,58.17924362,56.34185933,60.0166279,55.55201727,60.80646997
01/02/2073,58.19420769,56.35537319,60.03304219,55.56490771,60.82350766
01/03/2073,58.19117482,56.35090225,60.03144739,55.55981859,60.82253105
01/04/2073,58.17877445,56.33707319,60.0204757,55.54537538,60.81217352
01/05/2073,58.15862434,56.31548662,60.00176206,55.52317131,60.79407737
01/06/2073,58.15801163,56.3134314,60.00259185,55.52049599,60.79552726
01/07/2073,58.1767884,56.33076282,60.02281398,55.5372061,60.8163707
01/08/2073,58.17523037,56.32776136,60.02269938,55.53358415,60.81687659
01/09/2073,58.17767759,56.32877394,60.02658123,55.53398002,60.82137516
01/10/2073,58.2012678,56.35092754,60.05160806,55.55551605,60.84701955
01/11/2073,58.19416397,56.34238364,60.04594429,55.54635311,60.84197483
01/12/2073,58.1701808,56.31697037,60.02339122,55.52032507,60.82003652
01/01/2074,58.17924362,56.324603,60.03388424,55.5273429,60.83114434
01/02/2074,58.19420769,56.33813034,60.05028504,55.54025263,60.84816275
01/03/2074,58.19117482,56.33367275,60.04867689,55.53518259,60.84716705
01/04/2074,58.17877445,56.31985694,60.03769196,55.52075831,60.83679058
01/05/2074,58.15862434,56.29828366,60.01896502,55.49857325,60.81867542
01/06/2074,58.15801163,56.29624177,60.01978149,55.495917,60.82010626
01/07/2074,58.1767884,56.31358652,60.03999028,55.51264617,60.84093063
01/08/2074,58.17523037,56.31059836,60.03986238,55.50904323,60.84141751
01/09/2074,58.17767759,56.31162413,60.04373104,55.50945796,60.84589721
01/10/2074,58.2012678,56.33379093,60.06874468,55.53101287,60.87152274
01/11/2074,58.19416397,56.32526023,60.06306771,55.5218688,60.86645914
01/12/2074,58.1701808,56.29986005,60.04050154,55.49585949,60.8445021
01/01/2075,58.17924362,56.30750575,60.05098148,55.50289601,60.85559123
01/02/2075,58.19420769,56.32104621,60.06736917,55.51582449,60.87259089
01/03/2075,58.19117482,56.3166016,60.06574804,55.51077302,60.87157662
01/04/2075,58.17877445,56.30279867,60.05475023,55.49636716,60.86118174
01/05/2075,58.15862434,56.28123832,60.03601036,55.47420058,60.84304809
01/06/2075,58.15801163,56.27920939,60.03681386,55.47156287,60.84446039
01/07/2075,58.1767884,56.29656712,60.05700968,55.48831059,60.86526621
01/08/2075,58.17523037,56.29359189,60.05686885,55.48472614,60.8657346
01/09/2075,58.17767759,56.29463051,60.06072467,55.48515924,60.87019594
01/10/2075,58.2012678,56.31681014,60.08572546,55.50673249,60.89580311
01/11/2075,58.19416397,56.30829229,60.08003565,55.4976068,60.89072114
01/12/2075,58.1701808,56.28290485,60.05745674,55.4716157,60.86874589
01/01/2076,58.17924362,56.29056327,60.06792396,55.47867041,60.87981683
01/02/2076,58.19420769,56.30411649,60.08429889,55.49161714,60.89679824
01/03/2076,58.19117482,56.29968452,60.08266512,55.48658373,60.89576591
01/04/2076,58.17877445,56.28589412,60.07165478,55.4721958,60.8853531
01/05/2076,58.15862434,56.26434636,60.05290232,55.45004722,60.86720146
01/06/2076,58.15801163,56.26233005,60.0536932,55.44742755,60.86859571
01/07/2076,58.1767884,56.27970041,60.07387639,55.46419332,60.88938348
01/08/2076,58.17523037,56.27673777,60.07372297,55.46062688,60.88983386
01/09/2076,58.17767759,56.27778888,60.0775663,55.46107784,60.89427734
01/10/2076,58.2012678,56.299981,60.1025546,55.48266896,60.91986664
01/11/2076,58.19416397,56.29147566,60.09685228,55.47356115,60.91476679
01/12/2076,58.1701808,56.26610062,60.07426097,55.44758779,60.8927738
01/01/2077,58.17924362,56.27377143,60.08471581,55.45466021,60.90382703
01/02/2077,58.19420769,56.28733707,60.10107831,55.4676247,60.92079068
01/03/2077,58.19117482,56.28291741,60.09943224,55.46260889,60.91974075
01/04/2077,58.17877445,56.26913921,60.08840969,55.4482384,60.9093105
01/05/2077,58.15862434,56.2476037,60.06964498,55.42610734,60.89114133
01/06/2077,58.15801163,56.24559968,60.07042357,55.42350524,60.89251801
01/07/2077,58.1767884,56.26298233,60.09059447,55.4402886,60.9132882
01/08/2077,58.17523037,56.26003195,60.09042879,55.43673969,60.91372105
01/09/2077,58.17767759,56.26109523,60.09425994,55.43720805,60.91814713
01/10/2077,58.2012678,56.28329953,60.11923608,55.45881657,60.94371903
01/11/2077,58.19416397,56.27480636,60.11352157,55.44972617,60.93860176
01/12/2077,58.1701808,56.24944341,60.09091818,55.42377009,60.91659151
01/01/2078,58.17924362,56.25712628,60.10136096,55.43085975,60.92762748
01/02/2078,58.19420769,56.27070402,60.11771136,55.44384155,60.94457383
01/03/2078,58.19117482,56.26629634,60.1160533,55.43884287,60.94350677
01/04/2078,58.17877445,56.25253003,60.10501887,55.42448938,60.93305952
01/05/2078,58.15862434,56.23100646,60.08624222,55.4023754,60.91487328
01/06/2078,58.15801163,56.22901441,60.08700884,55.39979041,60.91623284
01/07/2078,58.1767884,56.24640904,60.10716776,55.41659089,60.93698591
01/08/2078,58.17523037,56.24347061,60.10699013,55.41305906,60.93740168
01/09/2078,58.17767759,56.24454574,60.11080943,55.41354438,60.9418108
01/10/2078,58.2012678,56.26676189,60.13577371,55.43516985,60.96736575
01/11/2078,58.19416397,56.2582806,60.13004734,55.42609643,60.96223151
01/12/2078,58.1701808,56.23292941,60.10743218,55.40015717,60.94020442
01/01/2079,58.17924362,56.24062404,60.1178632,55.40726364,60.95122359
01/02/2079,58.19420769,56.25421357,60.13420181,55.4202623,60.96815308
01/03/2079,58.19117482,56.24981757,60.13253207,55.41528032,60.96706932
01/04/2079,58.17877445,56.23606285,60.12148605,55.4009434,60.9566055
01/05/2079,58.15862434,56.21455091,60.10269777,55.37884605,60.93840263
01/06/2079,58.15801163,56.21257053,60.10345273,55.37627775,60.93974551
01/07/2079,58.1767884,56.22997683,60.12359997,55.39309492,60.96048188
01/08/2079,58.17523037,56.22705004,60.1234107,55.38957974,60.960881
01/09/2079,58.17767759,56.22813673,60.12721844,55.39008158,60.9652736
01/10/2079,58.2012678,56.25036444,60.15217116,55.41172358,60.99081203
01/11/2079,58.19416397,56.24189472,60.14643322,55.40266669,60.98566124
01/12/2079,58.1701808,56.216555,60.12380659,55.37674384,60.96361775
01/01/2080,58.17924362,56.22426109,60.13422615,55.3838667,60.97462053
01/02/2080,58.19420769,56.23786212,60.15055326,55.3968818,60.99153358
01/03/2080,58.19117482,56.2334775,60.14887214,55.3919161,60.99043354
01/04/2080,58.17877445,56.21973408,60.13781482,55.37759533,60.97995357
01/05/2080,58.15862434,56.19823348,60.1190152,55.3555142,60.96173448
01/06/2080,58.15801163,56.19626448,60.11975878,55.35296216,60.96306109
01/07/2080,58.1767884,56.21368216,60.13989464,55.36979561,60.98378119
01/08/2080,58.17523037,56.21076673,60.13969401,55.36629667,60.98416407
01/09/2080,58.17767759,56.21186469,60.14349049,55.36681462,60.98854056
01/10/2080,58.2012678,56.23410367,60.16843194,55.38847273,61.01406287
01/11/2080,58.19416397,56.22564523,60.16268271,55.37943198,61.00889595
01/12/2080,58.1701808,56.2003167,60.14004489,55.35352513,60.98683646
01/01/2081,58.17924362,56.20803397,60.15045327,55.36066398,60.99782326
01/02/2081,58.19420769,56.22164621,60.16676917,55.3736951,61.01472028
01/03/2081,58.19117482,56.21727269,60.16507695,55.36874528,61.01360436
01/04/2081,58.17877445,56.20354029,60.15400861,55.35444027,61.00310863
01/05/2081,58.15862434,56.18205076,60.13519792,55.33237496,60.98487372
01/06/2081,58.15801163,56.18009285,60.1359304,55.32983879,60.98618447
01/07/2081,58.1767884,56.19752164,60.15605516,55.34668812,61.00688868
01/08/2081,58.17523037,56.19461728,60.15584346,55.343205,61.00725573
01/09/2081,58.17767759,56.19572624,60.15962894,55.34373868,61.0116165
01/10/2081,58.2012678,56.21797621,60.18455939,55.36541251,61.03712309
01/11/2081,58.19416397,56.20952877,60.17879916,55.3563875,61.03194043
01/12/2081,58.1701808,56.18421117,60.15615042,55.33049626,61.00986533
01/01/2082,58.17924362,56.19193934,60.1665479,55.3376507,61.02083654
01/02/2082,58.19420769,56.20556252,60.18285286,55.35069747,61.03771791
01/03/2082,58.19117482,56.20119984,60.1811498,55.34576314,61.0365865
01/04/2082,58.17877445,56.18747819,60.17007071,55.3314735,61.02607539
01/05/2082,58.15862434,56.16599945,60.15124922,55.30942363,61.00782505
01/06/2082,58.15801163,56.16405238,60.15197088,55.30690294,61.00912031
01/07/2082,58.1767884,56.181492,60.1720848,55.32376777,61.02980903
01/08/2082,58.17523037,56.17859845,60.17186229,55.32030011,61.03016063
01/09/2082,58.17767759,56.17971814,60.17563704,55.32084913,61.03450605
01/10/2082,58.2012678,56.20197884,60.20055676,55.34253831,61.05999729
01/11/2082,58.19416397,56.19354215,60.19478579,55.33352866,61.05479928
01/12/2082,58.1701808,56.1682352,60.17212639,55.30765266,61.03270894
01/01/2083,58.17924362,56.17597401,60.18251322,55.31482231,61.04366493
01/02/2083,58.19420769,56.18960788,60.1988075,55.32788435,61.06053103
01/03/2083,58.19117482,56.18525577,60.19709387,55.32296515,61.05938449
01/04/2083,58.17877445,56.17154461,60.18600428,55.30869052,61.04885838
01/05/2083,58.15862434,56.15007642,60.16717226,55.28665571,61.03059296
01/06/2083,58.15801163,56.14813991,60.16788334,55.28415014,61.03187311
01/07/2083,58.1767884,56.16559012,60.18798668,55.30103009,61.05254671
01/08/2083,58.17523037,56.16270712,60.18775362,55.29757753,61.05288321
01/09/2083,58.17767759,56.16383728,60.19151789,55.29814152,61.05721366
01/10/2083,58.2012678,56.18610846,60.21642714,55.31984568,61.08268992
01/11/2083,58.19416397,56.17768226,60.21064567,55.31085103,61.0774769
01/12/2083,58.1701808,56.15238572,60.18797587,55.28498991,61.05537168
01/01/2084,58.17924362,56.16013492,60.19835231,55.29217442,61.06631281
01/02/2084,58.19420769,56.17377921,60.21463617,55.30525137,61.08316401
01/03/2084,58.19117482,56.16943744,60.2129122,55.30034694,61.0820027
01/04/2084,58.17877445,56.15573653,60.20181237,55.28608696,61.07146194
01/05/2084,58.15862434,56.13427863,60.18297005,55.26406688,61.0531818
01/06/2084,58.15801163,56.13235245,60.18367081,55.26157607,61.05444719
01/07/2084,58.1767884,56.14981298,60.20376382,55.27847079,61.07510601
01/08/2084,58.17523037,56.14694029,60.20352045,55.27503296,61.07542778
01/09/2084,58.17767759,56.14808068,60.20727449,55.27561159,61.07974359
01/10/2084,58.2012678,56.1703621,60.2321735,55.29733038,61.10520522
01/11/2084,58.19416397,56.16194614,60.22638179,55.28835038,61.09997755
01/12/2084,58.1701808,56.13665976,60.20370183,55.26250379,61.0778578
01/01/2085,58.17924362,56.14441912,60.21406812,55.26970282,61.08878442
01/02/2085,58.19420769,56.1580736,60.23034178,55.28279434,61.10562104
01/03/2085,58.19117482,56.15374192,60.22860773,55.27790433,61.10444531
01/04/2085,58.17877445,56.14005102,60.21749788,55.26365867,61.09389023
01/05/2085,58.15862434,56.11860317,60.19864551,55.24165296,61.07559572
01/06/2085,58.15801163,56.11668707,60.19933618,55.23917658,61.07684668
01/07/2085,58.1767884,56.13415771,60.21941909,55.25608573,61.09749107
01/08/2085,58.17523037,56.13129508,60.21916566,55.2526623,61.09779844
01/09/2085,58.17767759,56.13244547,60.2229097,55.25325522,61.10209996
01/10/2085,58.2012678,56.15473689,60.24779872,55.27498831,61.12754729
01/11/2085,58.19416397,56.14633094,60.24199699,55.26602263,61.12230531
01/12/2085,58.1701808,56.1210545,60.2193071,55.24019023,61.10017136
01/01/2086,58.17924362,56.12882377,60.22966346,55.24740345,61.11108379
01/02/2086,58.19420769,56.1424882,60.24592718,55.2605092,61.12790618
01/03/2086,58.19117482,56.13816638,60.24418326,55.25563329,61.12671635
01/04/2086,58.17877445,56.12448527,60.23306363,55.24140162,61.11614728
01/05/2086,58.15862434,56.10304725,60.21420143,55.21940997,61.09783871
01/06/2086,58.15801163,56.10114101,60.21488225,55.21694767,61.09907558
01/07/2086,58.1767884,56.11862151,60.23495529,55.23387094,61.11970586
01/08/2086,58.17523037,56.11576873,60.23469201,55.23046158,61.11999916
01/09/2086,58.17767759,56.11692889,60.23842629,55.23106847,61.12428671
01/10/2086,58.2012678,56.13923007,60.26330553,55.25281554,61.14972007
01/11/2086,58.19416397,56.13083392,60.25749402,55.24386385,61.14446409
01/12/2086,58.1701808,56.10556718,60.23479442,55.21804533,61.12231626
01/01/2087,58.17924362,56.11334615,60.24514109,55.22527241,61.13321482
01/02/2087,58.19420769,56.12702031,60.26139507,55.23839208,61.1500233
01/03/2087,58.19117482,56.12270813,60.25964151,55.23352995,61.14881969
01/04/2087,58.17877445,56.10903658,60.24851232,55.21931196,61.13823694
01/05/2087,58.15862434,56.08760817,60.22964051,55.19733404,61.11991464
01/06/2087,58.15801163,56.08571157,60.23031169,55.19488553,61.12113773
01/07/2087,58.1767884,56.10320171,60.25037509,55.21182258,61.14175422
01/08/2087,58.17523037,56.10035855,60.25010219,55.20842698,61.14203376
01/09/2087,58.17767759,56.10152826,60.25382691,55.20904753,61.14630765
01/10/2087,58.2012678,56.123839,60.2786966,55.23080826,61.17172734
01/11/2087,58.19416397,56.11545242,60.27287552,55.22187025,61.16645768
01/12/2087,58.1701808,56.09019517,60.25016642,55.19606531,61.14429628
01/01/2088,58.17924362,56.09798362,60.26050361,55.20330595,61.15518128
01/02/2088,58.19420769,56.1116673,60.27674808,55.21643922,61.17197616
01/03/2088,58.19117482,56.10736454,60.2749851,55.21159057,61.17075907
01/04/2088,58.17877445,56.09370235,60.26384655,55.19738596,61.16016294
01/05/2088,58.15862434,56.07228333,60.24496534,55.17542147,61.14182721
01/06/2088,58.15801163,56.07039616,60.2456271,55.17298644,61.14303682
01/07/2088,58.1767884,56.08789573,60.26568107,55.18993698,61.16363982
01/08/2088,58.17523037,56.08506198,60.26539876,55.18655484,61.1639059
01/09/2088,58.17767759,56.08624104,60.26911413,55.18718874,61.16816643
01/10/2088,58.2012678,56.10856113,60.29397447,55.20896284,61.19357276
01/11/2088,58.19416397,56.1001839,60.28814403,55.20003821,61.18828972
01/12/2088,58.1701808,56.07493594,60.26542566,55.17424655,61.16611504
01/01/2089,58.17924362,56.08273367,60.27575357,55.18150045,61.17698679
01/02/2089,58.19420769,56.09642665,60.29198873,55.19464703,61.19376835
01/03/2089,58.19117482,56.09213312,60.29021653,55.18981156,61.19253808
01/04/2089,58.17877445,56.07848007,60.27906883,55.17562003,61.18192887
01/05/2089,58.15862434,56.05707025,60.26017843,55.15366869,61.16357999
01/06/2089,58.15801163,56.05519229,60.26083097,55.15124684,61.16477642
01/07/2089,58.1767884,56.0727011,60.2808757,55.16821058,61.18536622
01/08/2089,58.17523037,56.06987655,60.28058419,55.1648416,61.18561914
01/09/2089,58.17767759,56.07106475,60.28429042,55.16548858,61.1898666
01/10/2089,58.2012678,56.09339398,60.30914162,55.18727575,61.21525985
01/11/2089,58.19416397,56.08502591,60.30330202,55.17836421,61.20996372
01/12/2089,58.1701808,56.05978703,60.28057456,55.15258554,61.18777605
01/01/2090,58.17924362,56.06759384,60.2908934,55.15985242,61.19863482
01/02/2090,58.19420769,56.08129593,60.30711945,55.17301202,61.21540336
01/03/2090,58.19117482,56.07701142,60.30533822,55.16818946,61.21416018
01/04/2090,58.17877445,56.06336733,60.29418157,55.15401073,61.20353817
01/05/2090,58.15862434,56.0419665,60.27528218,55.13207224,61.18517643
01/06/2090,58.15801163,56.04009756,60.27592569,55.12966329,61.18635996
01/07/2090,58.1767884,56.0576154,60.2959614,55.14663995,61.20693685
01/08/2090,58.17523037,56.05479987,60.29566087,55.14328385,61.20717689
01/09/2090,58.17767759,56.05599702,60.29935816,55.14394363,61.21141155
01/10/2090,58.2012678,56.0783352,60.3242004,55.16574359,61.23679201
01/11/2090,58.19416397,56.06997609,60.31835184,55.15684488,61.23148306
01/12/2090,58.1701808,56.0447461,60.29561549,55.13107891,61.20928268
01/01/2091,58.17924362,56.05256179,60.30592545,55.1383585,61.22012874
01/02/2091,58.19420769,56.0662728,60.32214258,55.15153085,61.23688453
01/03/2091,58.19117482,56.06199712,60.32035253,55.14672091,61.23562873
01/04/2091,58.17877445,56.04836179,60.30918711,55.13255471,61.22499419
01/05/2091,58.15862434,56.02696976,60.29027891,55.11062882,61.20661986
01/06/2091,58.15801163,56.02510966,60.29091359,55.1082325,61.20779076
01/07/2091,58.1767884,56.04263634,60.31094046,55.1252218,61.228355
01/08/2091,58.17523037,56.03982963,60.31063111,55.12187831,61.22858243
01/09/2091,58.17767759,56.04103554,60.31431964,55.12255061,61.23280457
01/10/2091,58.2012678,56.06338248,60.33915312,55.1443631,61.2581725
01/11/2091,58.19416397,56.05503215,60.33329579,55.13547693,61.252851
01/12/2091,58.1701808,56.02981086,60.31055073,55.10972342,61.23063817
01/01/2092,58.17924362,56.03763525,60.32085199,55.11701544,61.2414718
01/02/2092,58.19420769,56.05135499,60.33706039,55.13020027,61.25821511
01/03/2092,58.19117482,56.04708795,60.33526169,55.12540269,61.25694695
01/04/2092,58.17877445,56.03346121,60.32408769,55.11124877,61.24630013
01/05/2092,58.15862434,56.0120778,60.30517087,55.0893352,61.22791347
01/06/2092,58.15801163,56.01022635,60.3057969,55.08695125,61.22907201
01/07/2092,58.1767884,56.02776169,60.32581511,55.10395293,61.24962387
01/08/2092,58.17523037,56.02496361,60.32549713,55.10062179,61.24983895
01/09/2092,58.17767759,56.02617809,60.32917708,55.10130635,61.25404882
01/10/2092,58.2012678,56.04853362,60.35400198,55.12313112,61.27940448
01/11/2092,58.19416397,56.04019188,60.34813606,55.11425723,61.2740707
01/12/2092,58.1701808,56.01497912,60.32538247,55.08851591,61.25184568
01/01/2093,58.17924362,56.02281203,60.33567521,55.09582011,61.26266713
01/02/2093,58.19420769,56.03654031,60.35187507,55.10901716,61.27939822
01/03/2093,58.19117482,56.03228174,60.3500679,55.1042317,61.27811794
01/04/2093,58.17877445,56.01866341,60.33888549,55.09008979,61.26745911
01/05/2093,58.15862434,55.99728844,60.31996023,55.0681883,61.24906038
01/06/2093,58.15801163,55.99544546,60.32057779,55.06581646,61.2502068
01/07/2093,58.1767884,56.01298928,60.34058752,55.08283026,61.27074654
01/08/2093,58.17523037,56.01019967,60.34026107,55.07951123,61.27094951
01/09/2093,58.17767759,56.01142255,60.34393262,55.0802078,61.27514738
01/10/2093,58.2012678,56.03378648,60.36874912,55.10204458,61.30049102
01/11/2093,58.19416397,56.02545316,60.36287478,55.09318274,61.2951452
01/12/2093,58.1701808,56.00024875,60.34011284,55.06745335,61.27290824
01/01/2094,58.17924362,56.00809,60.35039723,55.07476948,61.28371776
01/02/2094,58.19420769,56.02182666,60.36658872,55.08797851,61.30043687
01/03/2094,58.19117482,56.01757639,60.36477325,55.08320491,61.29914473
01/04/2094,58.17877445,56.00396629,60.35358261,55.06907478,61.28847412
01/05/2094,58.15862434,55.9825996,60.33464907,55.04718512,61.27006356
01/06/2094,58.15801163,55.98076492,60.33525833,55.04482515,61.27119811
01/07/2094,58.1767884,55.99831705,60.35525975,55.06185083,61.29172597
01/08/2094,58.17523037,55.99553573,60.35492501,55.05854365,61.29191709
01/09/2094,58.17767759,55.99676684,60.35858834,55.05925199,61.29610319
01/10/2094,58.2012678,56.01913901,60.38339659,55.08110055,61.32143505
01/11/2094,58.19416397,56.01081393,60.377514,55.0722505,61.31607744
01/12/2094,58.1701808,55.98561771,60.35474388,55.04653282,61.29382877
01/01/2095,58.17924362,55.99346714,60.3650201,55.05386064,61.3046266
01/02/2095,58.19420769,56.007212,60.38120338,55.0670814,61.32133398
01/03/2095,58.19117482,56.00296986,60.37937978,55.06231943,61.32003021
01/04/2095,58.17877445,55.98936783,60.36818107,55.04820084,61.30934806
01/05/2095,58.15862434,55.96800925,60.34923943,55.02632277,61.29092591
01/06/2095,58.15801163,55.9661827,60.34984055,55.02397443,61.29204883
01/07/2095,58.1767884,55.98374297,60.36983383,55.04101175,61.31256505
01/08/2095,58.17523037,55.98096978,60.36949096,55.03771619,61.31274455
01/09/2095,58.17767759,55.98220896,60.37314622,55.03843607,61.31691911
01/10/2095,58.2012678,56.0045892,60.3979464,55.06029617,61.34223943
01/11/2095,58.19416397,55.99627221,60.39205573,55.05145768,61.33687026
01/12/2095,58.1701808,55.97108401,60.36927759,55.02575147,61.31461013
01/01/2096,58.17924362,55.97894145,60.37954579,55.03309075,61.32539649
01/02/2096,58.19420769,55.99269436,60.39572102,55.04632301,61.34209237
01/03/2096,58.19117482,55.98846019,60.39388945,55.04157244,61.34077721
01/04/2096,58.17877445,55.97486607,60.38268283,55.02746516,61.33008374
01/05/2096,58.15862434,55.95351544,60.36373324,55.00559845,61.31165023
01/06/2096,58.15801163,55.95169686,60.36432639,55.00326151,61.31276174
01/07/2096,58.1767884,55.96926511,60.38431168,55.02031025,61.33326655
01/08/2096,58.17523037,55.96649988,60.38396086,55.01702608,61.33343466
01/09/2096,58.17767759,55.96774698,60.3876082,55.01775727,61.33759791
01/10/2096,58.2012678,55.99013513,60.41240047,55.03962869,61.36290691
01/11/2096,58.19416397,55.98182606,60.40650187,55.03080153,61.35752641
01/12/2096,58.1701808,55.95664573,60.38371586,55.00510656,61.33525503
01/01/2097,58.17924362,55.96451103,60.39397621,55.01245708,61.34603016
01/02/2097,58.19420769,55.97827183,60.41014355,55.02570062,61.36271476
01/03/2097,58.19117482,55.97404547,60.40830417,55.02096122,61.36138842
01/04/2097,58.17877445,55.96045911,60.39708979,55.00686503,61.35068387
01/05/2097,58.15862434,55.93911627,60.37813241,54.98500947,61.33223921
01/06/2097,58.15801163,55.93730551,60.37871774,54.98268371,61.33333955
01/07/2097,58.1767884,55.95488159,60.39869521,54.99974364,61.35383316
01/08/2097,58.17523037,55.95212417,60.39833657,54.99647063,61.35399011
01/09/2097,58.17767759,55.95337902,60.40197616,54.99721291,61.35814226
01/10/2097,58.2012678,55.97577493,60.42676067,55.01909543,61.38344017
01/11/2097,58.19416397,55.96747364,60.42085429,55.01027938,61.37804855
01/12/2097,58.1701808,55.94230102,60.39806057,54.98459544,61.35576615
01/01/2098,58.17924362,55.95017402,60.40831321,54.99195698,61.36653026
01/02/2098,58.19420769,55.96394256,60.42447282,55.00521158,61.3832038
01/03/2098,58.19117482,55.95972386,60.42262578,55.00048314,61.3818665
01/04/2098,58.17877445,55.94614511,60.41140379,54.98639783,61.37115107
01/05/2098,58.15862434,55.92480991,60.39243876,54.96455319,61.35269548
01/06/2098,58.15801163,55.92300683,60.39301643,54.9622384,61.35378485
01/07/2098,58.1767884,55.94059058,60.41298622,54.97930931,61.37426749
01/08/2098,58.17523037,55.93784082,60.41261992,54.97604726,61.37441348
01/09/2098,58.17767759,55.93910328,60.4162519,54.97680042,61.37855476
01/10/2098,58.2012678,55.96150681,60.4410288,54.99869382,61.40384178
01/11/2098,58.19416397,55.95321314,60.4351148,54.98988867,61.39843926
01/12/2098,58.1701808,55.92804808,60.41231351,54.96421555,61.37614604
01/01/2099,58.17924362,55.93592865,60.42255859,54.9715879,61.38689934
01/02/2099,58.19420769,55.94970477,60.43871061,54.98485335,61.40356203
01/03/2099,58.19117482,55.94549359,60.43685605,54.98013566,61.40221399
01/04/2099,58.17877445,55.9319223,60.4256266,54.96606102,61.39148788
01/05/2099,58.15862434,55.9105946,60.40665408,54.9442271,61.37302157
01/06/2099,58.15801163,55.90879904,60.40722422,54.94192307,61.37410019
01/07/2099,58.1767884,55.92639033,60.42718647,54.95900475,61.39457205
01/08/2099,58.17523037,55.92364808,60.42681266,54.95575344,61.3947073
01/09/2099,58.17767759,55.92491801,60.43043717,54.95651727,61.3988379
01/10/2099,58.2012678,55.947329,60.4552066,54.97842135,61.42411425
01/11/2099,58.19416397,55.93904281,60.44928512,54.9696269,61.41870103
01/12/2099,58.1701808,55.91388517,60.42647642,54.9439644,61.3963972
01/01/2100,58.17924362,55.92177316,60.43671408,54.95134735,61.40713989
01/02/2100,58.19420769,55.93555672,60.45285866,54.96462345,61.42379193
01/03/2100,58.19117482,55.93135293,60.45099671,54.9599163,61.42243334
01/04/2100,58.17877445,55.91778896,60.43975994,54.94585214,61.41169676
01/05/2100,58.15862434,55.89646862,60.42078006,54.92402874,61.39321994
01/06/2100,58.15801163,55.89468044,60.42134282,54.92173526,61.394288
01/07/2100,58.1767884,55.91227912,60.44129768,54.93882751,61.41474929
01/08/2100,58.17523037,55.90954425,60.44091649,54.93558675,61.41487399
01/09/2100,58.17767759,55.91082149,60.44453368,54.93636105,61.41899412
01/10/2100,58.2012678,55.93323982,60.46929578,54.95827561,61.44425999
01/11/2100,58.19416397,55.92496097,60.46336696,54.94949166,61.43883627
01/12/2100,58.1701808,55.89981062,60.44055097,54.92383957,61.41652202
,0.9701808,-1.30018938,3.24055097,-2.27616043,4.21652202
,,,,,
,,,,,
01/12/2000,14.54,13.28,15.8,12.74,16.34
Baseline,0.54,-0.72,1.8,-1.26,2.34
