"","Point.Forecast","Lo.90","Hi.90"
"Mar 2020",15.7953732036901,15.0857817612849,16.5061464121766
"Apr 2020",15.5347213304492,14.7961914908161,16.2745529455304
"May 2020",15.212453702279,14.4661407402226,15.9601242920693
"Jun 2020",15.1958646606773,14.4470222874625,15.9460753878058
"Jul 2020",15.1846223608487,14.4348205106677,15.9357970965848
"Aug 2020",15.1575610077771,14.4071083215442,15.9093914288066
"Sep 2020",15.2364714279212,14.485300644227,15.9890154201686
"Oct 2020",15.2694972372307,14.5177514326787,16.0226153739247
"Nov 2020",15.3132396638282,14.5607907171852,16.0670595767666
"Dec 2020",15.3510890262228,14.598059223815,16.1054885209309
"Jan 2021",15.5071831555099,14.7530482975752,16.262677870772
"Feb 2021",15.527850846127,14.7731263828844,16.2839354791606
"Mar 2021",15.4542513158811,14.6978688642513,16.2120064505557
"Apr 2021",15.3577594585336,14.600265436495,16.1166388786993
"May 2021",15.1409482048559,14.3837536234181,15.8995469628188
"Jun 2021",15.1632571106333,14.4056189440748,15.9222990278024
"Jul 2021",15.1706193604223,14.4126834572673,15.929959435582
"Aug 2021",15.1513678278627,14.3930556800778,15.9110873345905
"Sep 2021",15.233771385434,14.4748593584383,15.9940853569041
"Oct 2021",15.2683117176254,14.5088776430555,16.0291464844095
"Nov 2021",15.3127209714437,14.5526131419692,16.0742279027229
"Dec 2021",15.3508616898629,14.5901869050592,16.1129341766267
"Jan 2022",15.5070835752973,14.7453142844601,16.2702404405169
"Feb 2022",15.5278072224192,14.7654553743598,16.2915469111859
"Mar 2022",15.454232213735,14.6902432805119,16.2196216153543
"Apr 2022",15.3577510935906,14.5926658785917,16.1242496509173
"May 2022",15.1409445430654,14.3761641108922,15.907157466196
"Jun 2022",15.1632555066966,14.3980351041859,15.9299079352197
"Jul 2022",15.1706186579008,14.4051032162282,15.9375665341034
"Aug 2022",15.1513675201776,14.3854803158564,15.9186903792121
"Sep 2022",15.2337712506434,14.4672869754309,16.0016856241102
"Oct 2022",15.2683116585832,14.5013091953918,16.0367429087055
"Nov 2022",15.3127209455809,14.5450497096036,16.0818193025312
"Dec 2022",15.3508616785341,14.5826276468495,16.1205213668021
"Jan 2023",15.5070835703335,14.7377599690753,16.2778224393692
"Feb 2023",15.527807220245,14.7579060231242,16.299123917218
"Mar 2023",15.4542322127829,14.6827127315455,16.2271799437502
"Apr 2023",15.3577510931737,14.5851496489731,16.1317938229253
"May 2023",15.1409445428829,14.368653085913,15.914696804938
"Jun 2023",15.1632555066166,14.3905275220023,15.9374437927524
"Jul 2023",15.1706186578658,14.3975982289371,15.9450997841206
"Aug 2023",15.1513675201623,14.377979676093,15.9262193150673
"Sep 2023",15.2337712506367,14.4597890255182,16.0092117281708
"Oct 2023",15.2683116585803,14.4938149774113,16.0442652217914
"Nov 2023",15.3127209455796,14.5375603110881,16.0893367206112
"Dec 2023",15.3508616785335,14.5751422724854,16.1280346961872
"Jan 2024",15.5070835703333,14.7302793295301,16.285330772698
"Feb 2024",15.5278072202449,14.7504301937836,16.3066274060913
"Mar 2024",15.4542322127828,14.6752551887209,16.2346652683023
"Apr 2024",15.3577510931736,14.577706049696,16.1392653658268
"May 2024",15.1409445428829,14.3612146228591,15.9221635825373
"Jun 2024",15.1632555066166,14.38309239469,15.9449071959897
"Jul 2024",15.1706186578658,14.3901656194801,15.9525606567892
"Aug 2024",15.1513675201623,14.3705512970829,15.9336759906167
"Sep 2024",15.2337712506367,14.4523632288251,16.0166656794359
"Oct 2024",15.2683116585803,14.4863927934051,16.0517155013167
"Nov 2024",15.3127209455796,14.5301427928832,16.0967822587877
"Dec 2024",15.3508616785335,14.5677286499579,16.1354762741384
"Jan 2025",15.5070835703333,14.7228702504901,16.2927675459122
"Feb 2025",15.5278072202449,14.7430257810936,16.314059478703
"Mar 2025",15.4542322127828,14.6678685720944,16.2420796670503
"Apr 2025",15.3577510931736,14.5703330186826,16.1466663408656
"May 2025",15.1409445428829,14.3538466623834,15.9295598579762
"Jun 2025",15.1632555066166,14.3757276680882,15.9523001989325
"Jul 2025",15.1706186578658,14.3828033373687,15.9599512025276
"Aug 2025",15.1513675201623,14.3631931337681,15.9410624508878
"Sep 2025",15.2337712506367,14.4450075455893,16.0240495176542
"Oct 2025",15.2683116585803,14.4790406092878,16.059095781361
"Nov 2025",15.3127209455796,14.5227951282055,16.1041579438414
"Dec 2025",15.3508616785335,14.5603847585825,16.1428481213393
"Jan 2026",15.5070835703333,14.7155307206484,16.3001347703184
"Feb 2026",15.5278072202449,14.735690780483,16.3214221396239
"Mar 2026",15.4542322127828,14.6605508995494,16.249425122111
"Apr 2026",15.3577510931736,14.5630285900116,16.1539987139634
"May 2026",15.1409445428829,14.3465472409163,15.9368875948244
"Jun 2026",15.1632555066166,14.368431383379,15.9596247603988
"Jul 2026",15.1706186578658,14.3755094271775,15.9672733767614
"Aug 2026",15.1513675201623,14.3559032357876,15.9483806462417
"Sep 2026",15.2337712506367,14.4377200303899,16.0313651882467
"Oct 2026",15.2683116585803,14.4717564849449,16.066408002039
"Nov 2026",15.3127209455796,14.5155153837694,16.1114657090582
"Dec 2026",15.3508616785335,14.5531086707782,16.1501521653707
"Jan 2027",15.5070835703333,14.708258821189,16.3074343647325
"Feb 2027",15.5278072202449,14.7284232794407,16.3287173013655
"Mar 2027",15.4542322127828,14.6533002796079,16.2567035249623
"Apr 2027",15.3577510931736,14.5557908873823,16.1612643614206
"May 2027",15.1409445428829,14.3393144843785,15.9441486671611
"Jun 2027",15.1632555066166,14.3612016709328,15.9668827500181
"Jul 2027",15.1706186578658,14.3682820224543,15.9745290459426
"Aug 2027",15.1513675201623,14.3486797414356,15.9556324383841
"Sep 2027",15.2337712506367,14.4304988261433,16.038614548297
"Oct 2027",15.2683116585803,14.4645385682618,16.073654015465
"Nov 2027",15.3127209455796,14.5083017138564,16.1187074001565
"Dec 2027",15.3508616785335,14.5458985461701,16.1573902466078
"Jan 2028",15.5070835703333,14.7010527199397,16.3146681613268
"Feb 2028",15.5278072202449,14.7212214517025,16.3359467901916
"Mar 2028",15.4542322127828,14.6461149057317,16.2639166821423
"Apr 2028",15.3577510931736,14.5486181184974,16.1684650755347
"May 2028",15.1409445428829,14.3321466025729,15.9513448651835
"Jun 2028",15.1632555066166,14.3540367447244,15.9740759538158
"Jul 2028",15.1706186578658,14.3611193401539,15.9817199931166
"Aug 2028",15.1513675201623,14.3415208721206,15.9628196059065
"Sep 2028",15.2337712506367,14.4233421585873,16.0457993720673
"Oct 2028",15.2683116585803,14.4573850896359,16.080835591242
"Nov 2028",15.3127209455796,14.5011523548608,16.125884780742
"Dec 2028",15.3508616785335,14.5387526261635,16.164564123645
"Jan 2029",15.5070835703333,14.6939106659916,16.3218379110103
"Feb 2029",15.5278072202449,14.7140835519031,16.3431123514679
"Mar 2029",15.4542322127828,14.6389930510767,16.2710663204954
"Apr 2029",15.3577510931736,14.54150856989,16.1756025697726
"May 2029",15.1409445428829,14.325041884021,15.9584779003701
"Jun 2029",15.1632555066166,14.3469348971906,15.981206079355
"Jul 2029",15.1706186578658,14.354019675511,15.9888479230487
"Aug 2029",15.1513675201623,14.3344249272614,15.9699438493902
"Sep 2029",15.2337712506367,14.4162483312007,16.0529213560789
"Oct 2029",15.2683116585803,14.4502943569193,16.0879544215175
"Nov 2029",15.3127209455796,14.4940656202652,16.1329995373321
"Dec 2029",15.3508616785335,14.5316692289452,16.1716754782958
"Jan 2030",15.5070835703333,14.6868309847406,16.3289452883869
"Feb 2030",15.5278072202449,14.7070079106451,16.3502156545915
"Mar 2030",15.4542322127828,14.6319330636554,16.2781540920088
"Apr 2030",15.3577510931736,14.5344606021533,16.182678483541
"May 2030",15.1409445428829,14.3179986912,15.9655494102437
"Jun 2030",15.1632555066166,14.3398944944882,15.988274760479
"Jul 2030",15.1706186578658,14.3469813973117,15.9959144669526
"Aug 2030",15.1513675201623,14.3273902795792,15.977006796114
"Sep 2030",15.2337712506367,14.409215720516,16.0599821237993
"Oct 2030",15.2683116585803,14.4432647507548,16.095012125649
"Nov 2030",15.3127209455796,14.4870398960033,16.1400532839932
"Dec 2030",15.3508616785335,14.5246467448703,16.1787259202049
"Jan 2031",15.5070835703333,14.6798120733119,16.3359918963316
"Feb 2031",15.5278072202449,14.6999929299497,16.3572582975413
"Mar 2031",15.4542322127828,14.624933361872,16.2851815782785
"Apr 2031",15.3577510931736,14.5274726455351,16.1896943865921
"May 2031",15.1409445428829,14.3110154561448,15.9725609627694
"Jun 2031",15.1632555066166,14.3329139721131,15.9952835616919
"Jul 2031",15.1706186578658,14.3400029435265,16.0029211868581
"Aug 2031",15.1513675201623,14.3204153707488,15.9840100044031
"Sep 2031",15.2337712506367,14.4022427717903,16.0669832299713
"Oct 2031",15.2683116585803,14.4362947202657,16.1020102545132
"Nov 2031",15.3127209455796,14.4800736361764,16.1470475666241
"Dec 2031",15.3508616785335,14.5176836322,16.1857169911112
"Jan 2032",15.5070835703333,14.6728523963305,16.3429792702193
"Feb 2032",15.5278072202449,14.6930370790509,16.3642418110835
"Mar 2032",15.4542322127828,14.6179924303931,16.2921502946379
"Apr 2032",15.3577510931736,14.5205431958637,16.1966517830978
"May 2032",15.1409445428829,14.3040906763807,15.979514060422
"Jun 2032",15.1632555066166,14.3259918308494,16.0022339822095
"Jul 2032",15.1706186578658,14.3330828172701,16.0098695796506
"Aug 2032",15.1513675201623,14.3134987073763,15.9909549676514
"Sep 2032",15.2337712506367,14.3953279949997,16.0739261646191
"Oct 2032",15.2683116585803,14.4293827790688,16.1089502944932
"Nov 2032",15.3127209455796,14.4731653590893,16.1539838669197
"Dec 2032",15.3508616785335,14.5107784131572,16.1926501687919
"Jan 2033",15.5070835703333,14.6659504820077,16.3499088818388
"Feb 2033",15.5278072202449,14.6861388905024,16.3711676626642
"Mar 2033",15.4542322127828,14.611108816325,16.2990616939807
"Apr 2033",15.3577510931736,14.5136708107751,16.2035521154221
"May 2033",15.1409445428829,14.2972229111561,15.9864101439531
"Jun 2033",15.1632555066166,14.3191266330176,16.0091274597115
"Jul 2033",15.1706186578658,14.3262195830602,16.0167610808121
"Aug 2033",15.1513675201623,14.3066388572734,15.9978431180473
"Sep 2033",15.2337712506367,14.388469961129,16.0808123567577
"Oct 2033",15.2683116585803,14.4225275015814,16.1158336711719
"Nov 2033",15.3127209455796,14.4663136435785,16.1608636060438
"Dec 2033",15.3508616785335,14.5039296702719,16.199526870717
"Jan 2034",15.5070835703333,14.6591049185141,16.3567821430194
"Feb 2034",15.5278072202449,14.6792969565711,16.3780372600167
"Mar 2034",15.4542322127828,14.6042811256701,16.3059171703046
"Apr 2034",15.3577510931736,14.5068541062144,16.2103967676197
"May 2034",15.1409445428829,14.2904107779505,15.9932505958831
"Jun 2034",15.1632555066166,14.3123169989954,16.0159653738201
"Jul 2034",15.1706186578658,14.3194118633483,16.0235970678913
"Aug 2034",15.1513675201623,14.2998344460017,16.0046758300293
"Sep 2034",15.2337712506367,14.3816672987313,16.087643177834
"Oct 2034",15.2683116585803,14.4157275195947,16.122661752758
"Nov 2034",15.3127209455796,14.4595171256054,16.1676881480349
"Dec 2034",15.3508616785335,14.497136042991,16.2063484574395
"Jan 2035",15.5070835703333,14.6523143506148,16.3636004089963
"Feb 2035",15.5278072202449,14.6725099258888,16.3848519545091
"Mar 2035",15.4542322127828,14.5975080200374,16.3127180620005
"Apr 2035",15.3577510931736,14.5000917531888,16.2171870686837
"May 2035",15.1409445428829,14.2836529492314,16.0000367437448
"Jun 2035",15.1632555066166,14.3055616039875,16.0227490493308
"Jul 2035",15.1706186578658,14.3126583352979,16.0303788637246
"Aug 2035",15.1513675201623,14.2930841536645,16.0114544234938
"Sep 2035",15.2337712506367,14.3749186907324,16.0944199449223
"Oct 2035",15.2683116585803,14.4089815190926,16.1294358532675
"Nov 2035",15.3127209455796,14.4527744950927,16.1744588029705
"Dec 2035",15.3508616785335,14.4903962245292,16.2131162357447
"Jan 2036",15.5070835703333,14.6455774765431,16.370364981536
"Feb 2036",15.5278072202449,14.6657765003432,16.3916130442537
"Mar 2036",15.4542322127828,14.5907882135863,16.319465654909
"Apr 2036",15.3577510931736,14.4933824747481,16.2239242955642
"May 2036",15.1409445428829,14.2769481494403,16.0067698630965
"Jun 2036",15.1632555066166,14.2988591750226,16.0294797592147
"Jul 2036",15.1706186578658,14.3059577277901,16.0371077394311
"Aug 2036",15.1513675201623,14.2863867119241,16.0181801667789
"Sep 2036",15.2337712506367,14.3682228714596,16.1011439236953
"Oct 2036",15.2683116585803,14.4022882372934,16.1361572354824
"Nov 2036",15.3127209455796,14.4460844929817,16.1811768299091
"Dec 2036",15.3508616785335,14.4837089589404,16.219831461579
"Jan 2037",15.5070835703333,14.6388930450929,16.3770771118445
"Feb 2037",15.5278072202449,14.6590954321845,16.3983217770004
"Mar 2037",15.4542322127828,14.584120470182,16.3261611851652
"Apr 2037",15.3577510931736,14.4867250431758,16.2306096759778
"May 2037",15.1409445428829,14.2702951521879,16.0134511803275
"Jun 2037",15.1632555066166,14.2922084881592,16.0361587274134
"Jul 2037",15.1706186578658,14.2993088186361,16.0437849171996
"Aug 2037",15.1513675201623,14.2797409012248,16.02485427944
"Sep 2037",15.2337712506367,14.3615786238765,16.1078163311895
"Oct 2037",15.2683116585803,14.3956464598958,16.1428271137039
"Nov 2037",15.3127209455796,14.439445908494,16.1878434396293
"Dec 2037",15.3508616785335,14.4770730383909,16.2264953427759
"Jan 2038",15.5070835703333,14.632259852912,16.3837380032744
"Feb 2038",15.5278072202449,14.652465521332,16.40497935283
"Mar 2038",15.4542322127828,14.5775036007465,16.3328058418468
"Apr 2038",15.3577510931736,14.4801182773717,16.2372443910245
"May 2038",15.1409445428829,14.2636927776409,16.0200818752712
"Jun 2038",15.1632555066166,14.2856083658816,16.0427871314427
"Jul 2038",15.1706186578658,14.2927104319801,16.0504115728858
"Aug 2038",15.1513675201623,14.2731455482068,16.0314779348373
"Sep 2038",15.2337712506367,14.354984777006,16.1144383383819
"Oct 2038",15.2683116585803,14.3890550185124,16.1494466563193
"Nov 2038",15.3127209455796,14.4328575765781,16.1944597971824
"Dec 2038",15.3508616785335,14.470487300618,16.2331090415981
"Jan 2039",15.5070835703333,14.6256767419775,16.3903488138483
"Feb 2039",15.5278072202449,14.6458856128626,16.4115869266654
"Mar 2039",15.4542322127828,14.5709364607882,16.3394007694455
"Apr 2039",15.3577510931736,14.473561040411,16.2438295776292
"May 2039",15.1409445428829,14.2571398900844,16.0266630836425
"Jun 2039",15.1632555066166,14.2790576746713,16.049366104821
"Jul 2039",15.1706186578658,14.2861614358774,16.0569888384345
"Aug 2039",15.1513675201623,14.2665995232919,16.0380522625486
"Sep 2039",15.2337712506367,14.3484402035263,16.1210110725945
"Oct 2039",15.2683116585803,14.3825127882757,16.1560169881963
"Nov 2039",15.3127209455796,14.426318375528,16.2010270242747
"Dec 2039",15.3508616785335,14.463950626559,16.2396736771086
"Jan 2040",15.5070835703333,14.6191425972412,16.3969106586145
"Feb 2040",15.5278072202449,14.6393545946673,16.4181456106157
"Mar 2040",15.4542322127828,14.5644179480963,16.3459470701723
"Apr 2040",15.3577510931736,14.4670522372653,16.2503663308205
"May 2040",15.1409445428829,14.2506353956465,16.0331958993135
"Jun 2040",15.1632555066166,14.2725553227393,16.0558967393374
"Jul 2040",15.1706186578658,14.2796607400318,16.0635178041419
"Aug 2040",15.1513675201623,14.2601017384308,16.0445783506235
"Sep 2040",15.2337712506367,14.3419438175254,16.1275356197391
"Oct 2040",15.2683116585803,14.3760186856015,16.1625391929191
"Nov 2040",15.3127209455796,14.4198272247581,16.2075462014915
"Dec 2040",15.3508616785335,14.4574619381352,16.2461903273857
"Jan 2041",15.5070835703333,14.6126563444293,16.4034246118469
"Feb 2041",15.5278072202449,14.6328713952613,16.4246564761659
"Mar 2041",15.4542322127828,14.5579470005849,16.3524458061128
"Apr 2041",15.3577510931736,14.460590812672,16.2568557058609
"May 2041",15.1409445428829,14.2441782401709,16.0396813764403
"Jun 2041",15.1632555066166,14.2661002579067,16.0623800871708
"Jul 2041",15.1706186578658,14.2732072936816,16.0699995207697
"Aug 2041",15.1513675201623,14.253651144996,16.0510572476895
"Sep 2041",15.2337712506367,14.3354945724029,16.1340130264162
"Oct 2041",15.2683116585803,14.3695716660986,16.1690143148788
"Nov 2041",15.3127209455796,14.4133830827237,16.2140183703778
"Dec 2041",15.3508616785335,14.4510201961818,16.2526600315944
"Jan 2042",15.5070835703333,14.6062169479851,16.4098917091022
"Feb 2042",15.5278072202449,14.6264349817365,16.4311205562239
"Mar 2042",15.4542322127828,14.5515225942782,16.358898001243
"Apr 2042",15.3577510931736,14.454175749142,16.2632987202396
"May 2042",15.1409445428829,14.2377674072274,16.046120531453
"Jun 2042",15.1632555066166,14.2596914656214,16.0688171628735
"Jul 2042",15.1706186578658,14.2668000836213,16.0764350015235
"Aug 2042",15.1513675201623,14.2472467318109,16.0574899649231
"Sep 2042",15.2337712506367,14.3290914589056,16.1404443018791
"Oct 2042",15.2683116585803,14.3631707226124,16.1754433612301
"Nov 2042",15.3127209455796,14.406984944974,16.2204445353844
"Dec 2042",15.3508616785335,14.4446243985087,16.259083791925
"Jan 2043",15.5070835703333,14.5998234091429,16.4163129491459
"Feb 2043",15.5278072202449,14.6200443578446,16.4375388470381
"Mar 2043",15.4542322127828,14.5451437414227,16.3653046433166
"Apr 2043",15.3577510931736,14.4478060650929,16.2696963555389
"May 2043",15.1409445428829,14.2314019162484,16.0525143449197
"Jun 2043",15.1632555066166,14.2533279671006,16.075208945228
"Jul 2043",15.1706186578658,14.2604381323486,16.0828252239056
"Aug 2043",15.1513675201623,14.2408875233035,16.0638774778964
"Sep 2043",15.2337712506367,14.322733503288,16.1468304198733
"Oct 2043",15.2683116585803,14.3568148833923,16.1818273037237
"Nov 2043",15.3127209455796,14.4006318423285,16.2268256656917
"Dec 2043",15.3508616785335,14.4382735780848,16.2654625754085
"Jan 2044",15.5070835703333,14.5934747641242,16.4226892957569
"Feb 2044",15.5278072202449,14.6136985622009,16.4439123099931
"Mar 2044",15.4542322127828,14.5388094887181,16.3716666856336
"Apr 2044",15.3577510931736,14.4414808131001,16.2760495591834
"May 2044",15.1409445428829,14.2250808207813,16.0588637632926
"Jun 2044",15.1632555066166,14.2470088175902,16.0815563789886
"Jul 2044",15.1706186578658,14.2541204963277,16.0891711314519
"Aug 2044",15.1513675201623,14.2345725777755,16.0702207283077
"Sep 2044",15.2337712506367,14.3164197655876,16.1531723203613
"Oct 2044",15.2683116585803,14.3505032103734,16.1881670804244
"Nov 2044",15.3127209455796,14.3943228391674,16.2331626969196
"Dec 2044",15.3508616785335,14.4319668013346,16.2717973156203
"Jan 2045",15.5070835703333,14.5871700824448,16.4290216794191
"Feb 2045",15.5278072202449,14.6073966665999,16.4502418732947
"Mar 2045",15.4542322127828,14.5325189156584,16.3779850487002
"Apr 2045",15.3577510931736,14.4351990782553,16.2823592460816
"May 2045",15.1409445428829,14.2188032068505,16.0651697005475
"Jun 2045",15.1632555066166,14.240733104731,16.0878603765145
"Jul 2045",15.1706186578658,14.2478462643591,16.0954736353616
"Aug 2045",15.1513675201623,14.2283009857784,16.0765206256057
"Sep 2045",15.2337712506367,14.3101493380065,16.159470911141
"Oct 2045",15.2683116585803,14.3442347975638,16.1944635973241
"Nov 2045",15.3127209455796,14.3880570318265,16.2394565327322
"Dec 2045",15.3508616785335,14.4257031665404,16.2780889142782
"Jan 2046",15.5070835703333,14.5809084653272,16.4353109989102
"Feb 2046",15.5278072202449,14.6011377744338,16.4565284335505
"Mar 2046",15.4542322127828,14.5262711329735,16.3842606217865
"Apr 2046",15.3577510931736,14.4289599766252,16.2886263001666
"May 2046",15.1409445428829,14.2125681914177,16.0714330397226
"Jun 2046",15.1632555066166,14.2344999470244,16.0941218193043
"Jul 2046",15.1706186578658,14.2416145560498,16.1017336160281
"Aug 2046",15.1513675201623,14.2220718685877,16.0827780485146
"Sep 2046",15.2337712506367,14.303921343391,16.1657270693661
"Oct 2046",15.2683116585803,14.3380087695306,16.2007177298559
"Nov 2046",15.3127209455796,14.3818335470899,16.2457080463455
"Dec 2046",15.3508616785335,14.4194818023404,16.2843382427441
"Jan 2047",15.5070835703333,14.5746890442075,16.4415581227941
"Feb 2047",15.5278072202449,14.5949210192069,16.4627728572563
"Mar 2047",15.4542322127828,14.5200652811654,16.3904942643905
"Apr 2047",15.3577510931736,14.4227626538031,16.2948515758454
"May 2047",15.1409445428829,14.2063749209357,16.0776546343652
"Jun 2047",15.1632555066166,14.228308492391,16.1003415594375
"Jul 2047",15.1706186578658,14.2354245203737,16.1079519244773
"Aug 2047",15.1513675201623,14.2158843767699,16.0889938464681
"Sep 2047",15.2337712506367,14.2977349338031,16.1719416429747
"Oct 2047",15.2683116585803,14.3318242799755,16.2069303243179
"Nov 2047",15.3127209455796,14.3756515407727,16.2519180819444
"Dec 2047",15.3508616785335,14.4133018663171,16.2905461434355
"Jan 2048",15.5070835703333,14.5685109793331,16.4477638908233
"Feb 2048",15.5278072202449,14.5887455631385,16.4689759821928
"Mar 2048",15.4542322127828,14.513900529131,16.3966868076153
"Apr 2048",15.3577510931736,14.4166062835458,16.3010358993609
"May 2048",15.1409445428829,14.2002225699874,16.0838353098925
"Jun 2048",15.1632555066166,14.2221579168133,16.1065204209316
"Jul 2048",15.1706186578658,14.2292753343189,16.1141293837213
"Aug 2048",15.1513675201623,14.2097376888326,16.0951688409587
"Sep 2048",15.2337712506367,14.2915892891755,16.1781154520341
"Oct 2048",15.2683116585803,14.3256805103955,16.2131021992133
"Nov 2048",15.3127209455796,14.3695101963876,16.2580874560164
"Dec 2048",15.3508616785335,14.4071625436689,16.2967134311539
"Jan 2049",15.5070835703333,14.5623734584416,16.4539291152603
"Feb 2049",15.5278072202449,14.5826105958481,16.4751386187405
"Mar 2049",15.4542322127828,14.5077760728658,16.4028390554655
"Apr 2049",15.3577510931736,14.4104900664915,16.3071800700752
"May 2049",15.1409445428829,14.1941103400048,16.0899758648724
"Jun 2049",15.1632555066166,14.2160474230594,16.1126592010184
"Jul 2049",15.1706186578658,14.2231662016129,16.1202667900324
"Aug 2049",15.1513675201623,14.2036310099551,16.101303826807
"Sep 2049",15.2337712506367,14.2854836160462,16.1842492900062
"Oct 2049",15.2683116585803,14.3195766688209,16.2192341465117
"Nov 2049",15.3127209455796,14.3634087238888,16.2642169586071
"Dec 2049",15.3508616785335,14.401063045959,16.3028408943362
"Jan 2050",15.5070835703333,14.5562756955176,16.4600545821207
"Feb 2050",15.5278072202449,14.5765153331169,16.4812615511182
"Mar 2050",15.4542322127828,14.5016911342432,16.4089517860676
"Apr 2050",15.3577510931736,14.4044132289505,16.3132848616778
"May 2050",15.1409445428829,14.1880374580622,16.0960770722307
"Jun 2050",15.1632555066166,14.2099762394792,16.1187586713482
"Jul 2050",15.1706186578658,14.2170963515225,16.126364914144
"Aug 2050",15.1513675201623,14.1975635707913,16.1073995733591
"Sep 2050",15.2337712506367,14.2794171463652,16.1903439249413
"Oct 2050",15.2683116585803,14.3135119886272,16.2253269328378
"Nov 2050",15.3127209455796,14.3573463584887,16.2703073545042
"Dec 2050",15.3508616785335,14.3950026099364,16.3089292962335
"Jan 2051",15.5070835703333,14.5502169296199,16.4661410523453
"Feb 2051",15.5278072202449,14.5704590157205,16.4873455385504
"Mar 2051",15.4542322127828,14.4956449598628,16.4150257528222
"Apr 2051",15.3577510931736,14.3983750217659,16.3193510233258
"May 2051",15.1409445428829,14.1820031757377,16.1021396803893
"Jun 2051",15.1632555066166,14.2039436188699,16.1248195791237
"Jul 2051",15.1706186578658,14.2110650377208,16.1324245023829
"Aug 2051",15.1513675201623,14.1915346263411,16.1134568256151
"Sep 2051",15.2337712506367,14.2733891363695,16.196400100602
"Oct 2051",15.2683116585803,14.3074857274133,16.2313813005925
"Nov 2051",15.3127209455796,14.3513223595418,16.2763593843532
"Dec 2051",15.3508616785335,14.3889804964235,16.3149793760233
"Jan 2052",15.5070835703333,14.5441964237765,16.4721892629066
"Feb 2052",15.5278072202449,14.5644409083276,16.4933913163684
"Mar 2052",15.4542322127828,14.4896368199643,16.4210616854894
"Apr 2052",15.3577510931736,14.3923747192378,16.325379280719
"May 2052",15.1409445428829,14.1760067680396,16.1081644143399
"Jun 2052",15.1632555066166,14.1979488374051,16.1308426481714
"Jul 2052",15.1706186578658,14.2050715372193,16.1384462777378
"Aug 2052",15.1513675201623,14.1855434548855,16.1194763052942
"Sep 2052",15.2337712506367,14.2673988655217,16.2024185375262
"Oct 2052",15.2683116585803,14.3014971659435,16.2373979690115
"Nov 2052",15.3127209455796,14.3453360094905,16.2823737657118
"Dec 2052",15.3508616785335,14.3829959892667,16.3209918498593
"Jan 2053",15.5070835703333,14.5382134639399,16.4781999278518
"Feb 2053",15.5278072202449,14.5584602984603,16.4993995970501
"Mar 2053",15.4542322127828,14.4836660074019,16.4270602912152
"Apr 2053",15.3577510931736,14.3864116181082,16.3313703371154
"May 2053",15.1409445428829,14.1700475323919,16.1141519766587
"Jun 2053",15.1632555066166,14.1919911936236,16.1368285799525
"Jul 2053",15.1706186578658,14.1991151493583,16.1444309408682
"Aug 2053",15.1513675201623,14.17958935698,16.1254587118408
"Sep 2053",15.2337712506367,14.2614456355064,16.208399934029
"Oct 2053",15.2683116585803,14.2955456071482,16.2433776351648
"Nov 2053",15.3127209455796,14.3393866128705,16.2883511940442
"Dec 2053",15.3508616785335,14.3770483943443,16.3269674118631
"Jan 2054",15.5070835703333,14.5322673580016,16.4841737392895
"Feb 2054",15.5278072202449,14.552516495512,16.5053710712021
"Mar 2054",15.4542322127828,14.4777318366752,16.4330222554998
"Apr 2054",15.3577510931736,14.3804850366009,16.3373248742914
"May 2054",15.1409445428829,14.1641247876758,16.1201030484642
"Jun 2054",15.1632555066166,14.1860700074737,16.1427780545186
"Jul 2054",15.1706186578658,14.1931951948537,16.1503791710584
"Aug 2054",15.1513675201623,14.1736716545047,16.131404723375
"Sep 2054",15.2337712506367,14.2555287692832,16.2143449671509
"Oct 2054",15.2683116585803,14.2896303751785,16.2493209749009
"Nov 2054",15.3127209455796,14.3334734953697,16.2942923436627
"Dec 2054",15.3508616785335,14.3711370386295,16.3329067350617
"Jan 2055",15.5070835703333,14.5263574348595,16.4901113683218
"Feb 2055",15.5278072202449,14.546608829819,16.5113064084881
"Mar 2055",15.4542322127828,14.471833643013,16.4389482431148
"Apr 2055",15.3577510931736,14.3745943135139,16.3432435534489
"May 2055",15.1409445428829,14.1582378733237,16.1260182903242
"Jun 2055",15.1632555066166,14.1801846194094,16.1486917314159
"Jul 2055",15.1706186578658,14.1873110148944,16.1562916271194
"Aug 2055",15.1513675201623,14.1677896897642,16.1373149975919
"Sep 2055",15.2337712506367,14.2496476101896,16.2202542935546
"Oct 2055",15.2683116585803,14.2837508145133,16.255228643741
"Nov 2055",15.3127209455796,14.3275960029381,16.300197868617
"Dec 2055",15.3508616785335,14.3652612693032,16.3388104722741
"Jan 2056",15.5070835703333,14.5204830435364,16.496013465926
"Feb 2056",15.5278072202449,14.5407366517817,16.5172062585079
"Mar 2056",15.4542322127828,14.4659707815055,16.4448388989697
"Apr 2056",15.3577510931736,14.3687388073608,16.3491270160743
"May 2056",15.1409445428829,14.1523861484608,16.1318983431135
"Jun 2056",15.1632555066166,14.1743343895351,16.15457025054
"Jul 2056",15.1706186578658,14.1814619702895,16.1621689482422
"Aug 2056",15.1513675201623,14.1619428246372,16.143190172613
"Sep 2056",15.2337712506367,14.2438015210925,16.2261285503728
"Oct 2056",15.2683116585803,14.2779062891133,16.2611012777247
"Nov 2056",15.3127209455796,14.3217535009463,16.3060684035369
"Dec 2056",15.3508616785335,14.3594204529151,16.3446792569508
"Jan 2057",15.5070835703333,14.5146435523445,16.5018806637898
"Feb 2057",15.5278072202449,14.534899331033,16.5230712516284
"Mar 2057",15.4542322127828,14.4601426262842,16.450694848933
"Apr 2057",15.3577510931736,14.3629178955571,16.3549758847522
"May 2057",15.1409445428829,14.1465689910936,16.1377438288257
"Jun 2057",15.1632555066166,14.1685186967955,16.1604142329461
"Jul 2057",15.1706186578658,14.1756474406591,16.1680117548067
"Aug 2057",15.1513675201623,14.1561304397703,16.1490308677917
"Sep 2057",15.2337712506367,14.2379898835853,16.2319683560127
"Oct 2057",15.2683116585803,14.2720961816196,16.2669394942106
"Nov 2057",15.3127209455796,14.3159453733867,16.3119045644298
"Dec 2057",15.3508616785335,14.3536139745881,16.3505137039686
"Jan 2058",15.5070835703333,14.508838348095,16.5077135751022
"Feb 2058",15.5278072202449,14.5290962556505,16.5289019997721
"Mar 2058",15.4542322127828,14.4543485697435,16.4565167006106
"Apr 2058",15.3577510931736,14.3571309736499,16.3607907639355
"May 2058",15.1409445428829,14.1407857973395,16.1435553513433
"Jun 2058",15.1632555066166,14.1627369382081,16.1662242816168
"Jul 2058",15.1706186578658,14.1698668236687,16.1738206491475
"Aug 2058",15.1513675201623,14.1503519338142,16.1548376844774
"Sep 2058",15.2337712506367,14.2322120972252,16.2377743109166
"Oct 2058",15.2683116585803,14.2663198925949,16.2727438926362
"Nov 2058",15.3127209455796,14.310171022118,16.317706949437
"Dec 2058",15.3508616785335,14.3478412372651,16.3563144103848
"Jan 2059",15.5070835703333,14.5030668353482,16.5135127953027
"Feb 2059",15.5278072202449,14.5233268314098,16.5346990971634
"Mar 2059",15.4542322127828,14.4485880218032,16.4623050440824
"Apr 2059",15.3577510931736,14.3513774545867,16.3665722406766
"May 2059",15.1409445428829,14.1350359806972,16.1493334971677
"Jun 2059",15.1632555066166,14.1569885281353,16.1720009821898
"Jul 2059",15.1706186578658,14.1641195343027,16.17959621628
"Aug 2059",15.1513675201623,14.1446067226993,16.1606112067396
"Sep 2059",15.2337712506367,14.2264675788119,16.243546998285
"Oct 2059",15.2683116585803,14.2605768398034,16.2785150552373
"Nov 2059",15.3127209455796,14.304429866148,16.3234761395509
"Dec 2059",15.3508616785335,14.3421016609942,16.3620819561515
"Jan 2060",15.5070835703333,14.4973284357027,16.5192789027929
"Feb 2060",15.5278072202449,14.5175904810758,16.5404631210374
"Mar 2060",15.4542322127828,14.4428604092092,16.4680604526029
"Apr 2060",15.3577510931736,14.3456567680226,16.3723208853206
"May 2060",15.1409445428829,14.1293189713545,16.1550788361111
"Jun 2060",15.1632555066166,14.1512728975939,16.1777449036482
"Jul 2060",15.1706186578658,14.1584050041751,16.1853390245904
"Aug 2060",15.1513675201623,14.1388942389486,16.1663520020555
"Sep 2060",15.2337712506367,14.2207557617021,16.2492869847613
"Oct 2060",15.2683116585803,14.2548664575273,16.2842535477317
"Nov 2060",15.3127209455796,14.2987213409527,16.3292126992954
"Dec 2060",15.3508616785335,14.33639468225,16.3678169047937
"Jan 2061",15.5070835703333,14.4916225871202,16.525012459611
"Feb 2061",15.5278072202449,14.5118866437305,16.5461946323123
"Mar 2061",15.4542322127828,14.4371651748688,16.4737834832644
"Apr 2061",15.3577510931736,14.3399683596616,16.3780372521634
"May 2061",15.1409445428829,14.1236342155308,16.1607919219542
"Jun 2061",15.1632555066166,14.1455894935995,16.1834565989764
"Jul 2061",15.1706186578658,14.1527226808753,16.1910496264894
"Aug 2061",15.1513675201623,14.133213931025,16.172060621962
"Sep 2061",15.2337712506367,14.2150760951582,16.2549948210831
"Oct 2061",15.2683116585803,14.2491881959185,16.2899599199675
"Nov 2061",15.3127209455796,14.2930448978305,16.3349171773721
"Dec 2061",15.3508616785335,14.3307197532901,16.3735198040542
"Jan 2062",15.5070835703333,14.4859487432851,16.5307140120728
"Feb 2062",15.5278072202449,14.5062147741343,16.5518941762275
"Mar 2062",15.4542322127828,14.4315017772205,16.4794746776287
"Apr 2062",15.3577510931736,14.3343116906316,16.3837218800771
"May 2062",15.1409445428829,14.1179811748524,16.1664732930706
"Jun 2062",15.1632555066166,14.1399377785436,16.1891366057831
"Jul 2062",15.1706186578658,14.1470720273461,16.1967285590341
"Aug 2062",15.1513675201623,14.1275652627117,16.1777376026762
"Sep 2062",15.2337712506367,14.2094280437311,16.2606710426995
"Oct 2062",15.2683116585803,14.2435415203819,16.2956347065399
"Nov 2062",15.3127209455796,14.2874000032879,16.3405901072747
"Dec 2062",15.3508616785335,14.3250763415427,16.3791911865047
"Jan 2063",15.5070835703333,14.480306372995,16.5363840913805
"Feb 2063",15.5278072202449,14.5005743421197,16.5575622829506
"Mar 2063",15.4542322127828,14.4258696896342,16.4851345623259
"Apr 2063",15.3577510931736,14.3286862368904,16.3893752931041
"May 2063",15.1409445428829,14.1123593257593,16.1721234730204
"Jun 2063",15.1632555066166,14.1343172296017,16.1947854468927
"Jul 2063",15.1706186578658,14.1414525212932,16.2023763445187
"Aug 2063",15.1513675201623,14.1219477125224,16.1833834656841
"Sep 2063",15.2337712506367,14.2038110866717,16.2663161703596
"Oct 2063",15.2683116585803,14.2379259109897,16.3012784273766
"Nov 2063",15.3127209455796,14.281786138456,16.3462320078718
"Dec 2063",15.3508616785335,14.3194639290247,16.3848315701283
"Jan 2064",15.5070835703333,14.4746949595822,16.542023214202
"Feb 2064",15.5278072202449,14.4949648320136,16.5631994681547
"Mar 2064",15.4542322127828,14.420268399841,16.4907636496247
"Apr 2064",15.3577510931736,14.3230914886599,16.3949980010223
"May 2064",15.1409445428829,14.1067681589406,16.1777429711144
"Jun 2064",15.1632555066166,14.1287273381701,16.2004036309089
"Jul 2064",15.1706186578658,14.1358636546231,16.207993491037
"Aug 2064",15.1513675201623,14.1163607731418,16.1889987183012
"Sep 2064",15.2337712506367,14.1982247173725,16.2719307106709
"Oct 2064",15.2683116585803,14.2323408619241,16.3068915882955
"Nov 2064",15.3127209455796,14.2762027985353,16.3518433839632
"Dec 2064",15.3508616785335,14.3138820117888,16.3904414588724
"Jan 2065",15.5070835703333,14.4691140003627,16.5476318832211
"Feb 2065",15.5278072202449,14.4893857420894,16.5688062335666
"Mar 2065",15.4542322127828,14.4146974093911,16.4963624379752
"Apr 2065",15.3577510931736,14.317526949889,16.400590499883
"May 2065",15.1409445428829,14.1012071787976,16.1833322829515
"Jun 2065",15.1632555066166,14.1231676093306,16.20599165275
"Jul 2065",15.1706186578658,14.1303049329084,16.2135804930162
"Aug 2065",15.1513675201623,14.1108039508914,16.194583854206
"Sep 2065",15.2337712506366,14.1926684428358,16.2775151566313
"Oct 2065",15.2683116585803,14.2267858809468,16.3124746815349
"Nov 2065",15.3127209455796,14.2706494922674,16.3574247268072
"Dec 2065",15.3508616785335,14.308330099396,16.3960213431758
"Jan 2066",15.5070835703333,14.4635630061123,16.5532105876622
"Feb 2066",15.5278072202449,14.4838365840438,16.5743830674893
"Mar 2066",15.4542322127828,14.4091562331374,16.5019314125244
"Apr 2066",15.3577510931736,14.3119921377413,16.4061532725225
"May 2066",15.1409445428829,14.0956759029321,16.1888918909298
"Jun 2066",15.1632555066166,14.1176375613401,16.211549994159
"Jul 2066",15.1706186578658,14.1247758748784,16.2191378317272
"Aug 2066",15.1513675201623,14.1052767652221,16.2001393539476
"Sep 2066",15.2337712506366,14.1871417831667,16.2830699881355
"Oct 2066",15.2683116585803,14.2212604888944,16.3180281862582
"Nov 2066",15.3127209455796,14.2651257414316,16.3629765146245
"Dec 2066",15.3508616785335,14.3028077144147,16.4015717004703
"Jan 2067",15.5070835703333,14.458041500567,16.5587598037894
"Feb 2067",15.5278072202449,14.4783168824999,16.5799304453
"Mar 2067",15.4542322127828,14.4036443987435,16.5074710456087
"Apr 2067",15.3577510931736,14.3064865821076,16.4116867890501
"May 2067",15.1409445428829,14.0901738616597,16.1944222647338
"Jun 2067",15.1632555066166,14.1121367251449,16.2170791241898
"Jul 2067",15.1706186578658,14.1192760119346,16.2246659757684
"Aug 2067",15.1513675201623,14.0997787482308,16.2056656854291
"Sep 2067",15.2337712506366,14.1816442710914,16.2885956724574
"Oct 2067",15.2683116585803,14.2157642191968,16.3235525690356
"Nov 2067",15.3127209455796,14.2596310803659,16.3684992130772
"Dec 2067",15.3508616785335,14.2973143919426,16.4070929956583
"Jan 2068",15.5070835703333,14.4525490199475,16.5642799953817
"Feb 2068",15.5278072202449,14.4728261745327,16.5854488299235
"Mar 2068",15.4542322127828,14.3981614462152,16.5129817972223
"Apr 2068",15.3577510931736,14.3010098251408,16.4171915073128
"May 2068",15.1409445428829,14.0847005975454,16.1999238617985
"Jun 2068",15.1632555066166,14.1066646439174,16.22257949967
"Jul 2068",15.1706186578658,14.1138048876879,16.2301653815288
"Aug 2068",15.1513675201623,14.0943094441988,16.2111633043694
"Sep 2068",15.2337712506366,14.1761754514968,16.2940926647102
"Oct 2068",15.2683116585803,14.210296617419,16.329048284302
"Nov 2068",15.3127209455796,14.2541650555098,16.3739932757258
"Dec 2068",15.3508616785335,14.2918496791507,16.4125856815686
"Jan 2069",15.5070835703333,14.447085112506,16.5697716141873
"Feb 2069",15.5278072202449,14.4673640092177,16.5909386722845
"Mar 2069",15.4542322127828,14.3927069274539,16.5184641154639
"Apr 2069",15.3577510931736,14.2955614208133,16.4226678733384
"May 2069",15.1409445428829,14.0792556649608,16.2053971277523
"Jun 2069",15.1632555066166,14.1012208726148,16.2280515656422
"Jul 2069",15.1706186578658,14.1083620575183,16.2356364936288
"Aug 2069",15.1513675201623,14.0888684091525,16.216632654742
"Sep 2069",15.2337712506366,14.1707348809921,16.2995614082845
"Oct 2069",15.2683116585803,14.2048572408237,16.3345157747949
"Nov 2069",15.3127209455796,14.2487272249686,16.379459144465
"Dec 2069",15.3508616785335,14.2864131348495,16.4180501993909
"Jan 2070",15.5070835703333,14.4416493380933,16.5752351003552
"Feb 2070",15.5278072202449,14.4619299471993,16.5964004117385
"Mar 2070",15.4542322127828,14.3872804058297,16.5239184369634
"Apr 2070",15.3577510931736,14.2901409344936,16.4281163217584
"May 2070",15.1409445428829,14.0738386296624,16.2108424968388
"Jun 2070",15.1632555066166,14.0958049775577,16.233495755786
"Jul 2070",15.1706186578658,14.1029470881539,16.2410797453399
"Aug 2070",15.1513675201623,14.0834552104438,16.222074169195
"Sep 2070",15.2337712506366,14.1653221274907,16.3050023352672
"Oct 2070",15.2683116585803,14.1994456579539,16.3399554719712
"Nov 2070",15.3127209455796,14.2433171580976,16.3848972499395
"Dec 2070",15.3508616785335,14.281004329074,16.4234869790901
"Jan 2071",15.5070835703333,14.4362412677465,16.5806708828483
"Feb 2071",15.5278072202449,14.45652356028,16.6018344764832
"Mar 2071",15.4542322127828,14.3818814557753,16.5293451872881
"Apr 2071",15.3577510931736,14.284747942543,16.4335372762113
"May 2071",15.1409445428829,14.0684490683877,16.2162603923204
"Jun 2071",15.1632555066166,14.0904165360282,16.2389124928193
"Jul 2071",15.1706186578658,14.0975595572699,16.2464955589872
"Aug 2071",15.1513675201623,14.0780694263497,16.2274882694513
"Sep 2071",15.2337712506366,14.1599367698103,16.3104158668405
"Oct 2071",15.2683116585803,14.1940614482346,16.3453677964058
"Nov 2071",15.3127209455796,14.2379344351054,16.3903080119409
"Dec 2071",15.3508616785335,14.2756228426882,16.4288964398023
"Jan 2072",15.5070835703333,14.4308604832947,16.5860793798376
"Feb 2072",15.5278072202449,14.451144431027,16.6072412839512
"Mar 2072",15.4542322127828,14.3765096623971,16.5347447813316
"Apr 2072",15.3577510931736,14.2793820319305,16.4389311497284
"May 2072",15.1409445428829,14.063086568471,16.2216512268629
"Jun 2072",15.1632555066166,14.0850551358854,16.244302188883
"Jul 2072",15.1706186578658,14.0921990531049,16.2518843463321
"Aug 2072",15.1513675201623,14.0727106456902,16.2328753666911
"Sep 2072",15.2337712506366,14.1545783972918,16.3158024136635
"Oct 2072",15.2683116585803,14.1887042015927,16.3507531581722
"Nov 2072",15.3127209455796,14.2325786466743,16.3956918397867
"Dec 2072",15.3508616785335,14.2702682670067,16.434278990213
"Jan 2073",15.5070835703333,14.4255065769828,16.5914609990782
"Feb 2073",15.5278072202449,14.4457921523979,16.612621241185
"Mar 2073",15.4542322127828,14.3711646211043,16.5401176236848
"Apr 2073",15.3577510931736,14.2740427998642,16.4442983451014
"May 2073",15.1409445428829,14.0577507274752,16.2270154029033
"Jun 2073",15.1632555066166,14.0797203751992,16.2496652459074
"Jul 2073",15.1706186578658,14.0868651740949,16.2572465089385
"Aug 2073",15.1513675201623,14.0673784674626,16.2382358619172
"Sep 2073",15.2337712506366,14.1492466094349,16.3211623762366
"Oct 2073",15.2683116585803,14.1833735180929,16.3561119572052
"Nov 2073",15.3127209455796,14.2272493935984,16.4010491326829
"Dec 2073",15.3508616785335,14.2649402034339,16.4396350289177
"Jan 2074",15.5070835703333,14.4201791511119,16.5968161382691
"Feb 2074",15.5278072202449,14.4404663273814,16.6179747451959
"Mar 2074",15.4542322127828,14.3658459372541,16.5454641089904
"Apr 2074",15.3577510931736,14.2687298534398,16.4496392552348
"May 2074",15.1409445428829,14.0524411528408,16.2323533130013
"Jun 2074",15.1632555066166,14.074411861899,16.2550020559628
"Jul 2074",15.1706186578658,14.0815575285229,16.2625824385234
"Aug 2074",15.1513675201623,14.0620725004923,16.2435701463041
"Sep 2074",15.2337712506366,14.1439410155494,16.3264961452499
"Oct 2074",15.2683116585803,14.178069007591,16.3614445836495
"Nov 2074",15.3127209455796,14.2219462864372,16.4063802800699
"Dec 2074",15.3508616785335,14.2596382631182,16.4449649447679
"Jan 2075",15.5070835703333,14.4148778176953,16.6021451853968
"Feb 2075",15.5278072202449,14.4351665686553,16.6233021833062
"Mar 2075",15.4542322127828,14.3605532258128,16.5507846222823
"Apr 2075",15.3577510931736,14.2634428093037,16.4549542634821
"May 2075",15.1409445428829,14.0471574615492,16.2376653401755
"Jun 2075",15.1632555066166,14.0691292134388,16.2603130015955
"Jul 2075",15.1706186578658,14.0762757341847,16.2678925172913
"Aug 2075",15.1513675201623,14.0567923630991,16.248878601532
"Sep 2075",15.2337712506366,14.1386612344223,16.3318041019164
"Oct 2075",15.2683116585803,14.1727902894009,16.3667514181911
"Nov 2075",15.3127209455796,14.2166689451846,16.4116856619541
"Dec 2075",15.3508616785335,14.2543620666224,16.4502691172012
"Jan 2076",15.5070835703333,14.40960219813,16.6074485190645
"Feb 2076",15.5278072202449,14.4298924982581,16.6286039334774
"Mar 2076",15.4542322127828,14.3552861110311,16.5560795393096
"Apr 2076",15.3577510931736,14.2581812933315,16.4602437439678
"May 2076",15.1409445428829,14.0418992798018,16.2429518582245
"Jun 2076",15.1632555066166,14.0638720564762,16.2655984561477
"Jul 2076",15.1706186578658,14.0710194180678,16.2731771182544
"Aug 2076",15.1513675201623,14.0515376827775,16.2541616001064
"Sep 2076",15.2337712506366,14.1334068939991,16.3370866182908
"Oct 2076",15.2683116585803,14.1675369919769,16.3720328323755
"Nov 2076",15.3127209455796,14.2114169989516,16.4169656492244
"Dec 2076",15.3508616785335,14.2491112436068,16.4555479165569
"Jan 2077",15.5070835703333,14.4043519228816,16.6127265088067
"Feb 2077",15.5278072202449,14.4246437472754,16.6338803646238
"Mar 2077",15.4542322127828,14.350044226134,16.5613492268475
"Apr 2077",15.3577510931736,14.2529449403196,16.4655080618955
"May 2077",15.1409445428829,14.0366662427116,16.2482132320352
"Jun 2077",15.1632555066166,14.0586400265655,16.2708587840653
"Jul 2077",15.1706186578658,14.0657882160456,16.2784366055396
"Aug 2077",15.1513675201623,14.0463080958909,16.259419505664
"Sep 2077",15.2337712506366,14.1281776310785,16.3423440575745
"Oct 2077",15.2683116585803,14.1623087526096,16.3772891889123
"Nov 2077",15.3127209455796,14.2061900856632,16.4222206039557
"Dec 2077",15.3508616785335,14.2438854325276,16.460801704379
"Jan 2078",15.5070835703333,14.3991266311832,16.6179795153901
"Feb 2078",15.5278072202449,14.41941995554,16.6391318369128
"Mar 2078",15.4542322127828,14.3448272130234,16.5665940429941
"Apr 2078",15.3577510931736,14.2477333936903,16.4707475738428
"May 2078",15.1409445428829,14.0314579940091,16.2534498178772
"Jun 2078",15.1632555066166,14.0534327678633,16.2760943411917
"Jul 2078",15.1706186578658,14.0605817725833,16.2836713346814
"Aug 2078",15.1513675201623,14.0411032473788,16.2646526732653
"Sep 2078",15.2337712506366,14.12297309102,16.3475767744076
"Oct 2078",15.2683116585803,14.1571052171342,16.3825208419663
"Nov 2078",15.3127209455796,14.2009878517679,16.4274508796996
"Dec 2078",15.3508616785335,14.2386842803466,16.4660308337059
"Jan 2079",15.5070835703333,14.3939259707471,16.6232078911025
"Feb 2079",15.5278072202449,14.4142207713437,16.6443587020526
"Mar 2079",15.4542322127828,14.3396347219931,16.5718143374554
"Apr 2079",15.3577510931736,14.2425463052094,16.4759626280441
"May 2079",15.1409445428829,14.0262741857597,16.2586619636852
"Jun 2079",15.1632555066166,14.0482499328475,16.2813054750489
"Jul 2079",15.1706186578658,14.0553997404571,16.2888816529039
"Aug 2079",15.1513675201623,14.0359227904762,16.2698614496753
"Sep 2079",15.2337712506366,14.1177929274648,16.3527851151493
"Oct 2079",15.2683116585803,14.1519260396513,16.387728137437
"Nov 2079",15.3127209455796,14.1958099519596,16.4326568217623
"Dec 2079",15.3508616785335,14.2335074422537,16.4712356493475
"Jan 2080",15.5070835703333,14.3887495974882,16.6284119800291
"Feb 2080",15.5278072202449,14.409045851162,16.6495613035675
"Mar 2080",15.4542322127828,14.3344664114568,16.5770104518181
"Apr 2080",15.3577510931736,14.2373833347152,16.4811535646611
"May 2080",15.1409445428829,14.0211144780936,16.263850009329
"Jun 2080",15.1632555066166,14.0430911820468,16.2864925251084
"Jul 2080",15.1706186578658,14.0502417804845,16.2940678993896
"Aug 2080",15.1513675201623,14.0307663864449,16.2750461736322
"Sep 2080",15.2337712506366,14.1126368020668,16.3579694181455
"Oct 2080",15.2683116585803,14.1467708822595,16.3929114132256
"Nov 2080",15.3127209455796,14.1906560489103,16.4378387674716
"Dec 2080",15.3508616785335,14.2283545814012,16.4764164881515
"Jan 2081",15.5070835703333,14.3835971752591,16.6335921183173
"Feb 2081",15.5278072202449,14.4038948593902,16.6547399770624
"Mar 2081",15.4542322127828,14.3293219476857,16.5821827198107
"Apr 2081",15.3577510931736,14.232244149859,16.4863207160425
"May 2081",15.1409445428829,14.0159785389459,16.2690142868735
"Jun 2081",15.1632555066166,14.0379561837824,16.2916558230489
"Jul 2081",15.1706186578658,14.045107561266,16.2992304055378
"Aug 2081",15.1513675201623,14.0256337043157,16.2802071761054
"Sep 2081",15.2337712506366,14.1075043842359,16.3631300139866
"Oct 2081",15.2683116585803,14.1416394147988,16.3980709994924
"Nov 2081",15.3127209455796,14.1855258130152,16.4429970464327
"Dec 2081",15.3508616785335,14.2232253686484,16.4815736792586
"Jan 2082",15.5070835703333,14.3784683755963,16.6387486344306
"Feb 2082",15.5278072202449,14.3987674680896,16.659895050476
"Mar 2082",15.4542322127828,14.3242010045583,16.5873314675549
"Apr 2082",15.3577510931736,14.2271284258559,16.4914644069731
"May 2082",15.1409445428829,14.0108660438084,16.2741551208268
"Jun 2082",15.1632555066166,14.0328446139196,16.2967956930051
"Jul 2082",15.1706186578658,14.0399967589375,16.3043694952129
"Aug 2082",15.1513675201623,14.020524420641,16.2853447805424
"Sep 2082",15.2337712506366,14.102395350891,16.3682672257535
"Oct 2082",15.2683116585803,14.1365313146044,16.403207218902
"Nov 2082",15.3127209455796,14.1804189221465,16.448131980773
"Dec 2082",15.3508616785335,14.2181194823174,16.486707544347
"Jan 2083",15.5070835703333,14.3733628774759,16.6438818493928
"Feb 2083",15.5278072202449,14.3936633567451,16.6650268443235
"Mar 2083",15.4542322127828,14.3191032633197,16.5924570138055
"Apr 2083",15.3577510931736,14.2220358452465,16.4965849549123
"May 2083",15.1409445428829,14.0057766754912,16.2792728283791
"Jun 2083",15.1632555066166,14.0277561556297,16.3019124518058
"Jul 2083",15.1706186578658,14.0349090569324,16.3094854849813
"Aug 2083",15.1513675201623,14.015438219258,16.2904593031059
"Sep 2083",15.2337712506366,14.0973093862236,16.3733813692546
"Oct 2083",15.2683116585803,14.1314462662709,16.4083203868599
"Nov 2083",15.3127209455796,14.1753350614189,16.4532438853782
"Dec 2083",15.3508616785335,14.2130366079578,16.4918183978669
"Jan 2084",15.5070835703333,14.3682803670808,16.6489920770213
"Feb 2084",15.5278072202449,14.3885822120316,16.6701356719299
"Mar 2084",15.4542322127828,14.3140284123507,16.5975596701818
"Apr 2084",15.3577510931736,14.2169660976673,16.5016826702239
"May 2084",15.1409445428829,14.000710123893,16.2843677196314
"Jun 2084",15.1632555066166,14.022690499162,16.3070064092017
"Jul 2084",15.1706186578658,14.0298441457535,16.3145786843404
"Aug 2084",15.1513675201623,14.0103747910608,16.2955510529019
"Sep 2084",15.2337712506366,14.0922461814709,16.3784727532531
"Oct 2084",15.2683116585803,14.1263839614256,16.4134108117389
"Nov 2084",15.3127209455796,14.170273922963,16.4583330681174
"Dec 2084",15.3508616785335,14.2079764381217,16.4969065472662
"Jan 2085",15.5070835703333,14.3632205375752,16.6540796241516
"Feb 2085",15.5278072202449,14.3835237275904,16.675221839654
"Mar 2085",15.4542322127828,14.3089761469461,16.602639741389
"Apr 2085",15.3577510931736,14.2119188796305,16.5067578563955
"May 2085",15.1409445428829,13.995666085782,16.2894400978158
"Jun 2085",15.1632555066166,14.0176473416237,16.3120778680857
"Jul 2085",15.1706186578658,14.024801722754,16.3196493959369
"Aug 2085",15.1513675201623,14.0053338337821,16.3006203321979
"Sep 2085",15.2337712506366,14.0872054346969,16.3835416796847
"Oct 2085",15.2683116585803,14.1213440985106,16.4184787950968
"Nov 2085",15.3127209455796,14.165235205709,16.4633998300606
"Dec 2085",15.3508616785335,14.2029386721473,16.5019722932069
"Jan 2086",15.5070835703333,14.3581830888897,16.6591447908533
"Feb 2086",15.5278072202449,14.3784876038142,16.680285647103
"Mar 2086",15.4542322127828,14.3039461691019,16.6076975254312
"Apr 2086",15.3577510931737,14.206893894313,16.5118108102503
"May 2086",15.1409445428829,13.9906442645842,16.2944902595061
"Jun 2086",15.1632555066166,14.0126263867695,16.3171271247029
"Jul 2086",15.1706186578658,14.0197814919269,16.3246979157778
"Aug 2086",15.1513675201623,14.0003150517827,16.3056674366329
"Sep 2086",15.2337712506366,14.0821868505839,16.3885884438673
"Oct 2086",15.2683116585803,14.1163263825743,16.4235246318853
"Nov 2086",15.3127209455796,14.1602186151775,16.4684444656872
"Dec 2086",15.3508616785335,14.1979230159509,16.5070159297726
"Jan 2087",15.5070835703333,14.3531677275142,16.6641878706365
"Feb 2087",15.5278072202449,14.3734735476407,16.6853273873392
"Mar 2087",15.4542322127828,14.2989381873106,16.6127333138157
"Apr 2087",15.3577510931737,14.2018908513529,16.5168418221502
"May 2087",15.1409445428829,13.9856443701809,16.2995184948212
"Jun 2087",15.1632555066166,14.0076273447992,16.3221544688537
"Jul 2087",15.1706186578658,14.0147831637033,16.3297245334322
"Aug 2087",15.1513675201623,13.9953181558505,16.3106926554192
"Sep 2087",15.2337712506366,14.0771901402302,16.3936133347025
"Oct 2087",15.2683116585803,14.1113305250702,16.428548610651
"Nov 2087",15.3127209455796,14.1552238632802,16.4734672630855
"Dec 2087",15.3508616785335,14.1929291818273,16.5120377446684
"Jan 2088",15.5070835703333,14.3481741662985,16.6692091506514
"Feb 2088",15.5278072202449,14.3684812723543,16.6903473470785
"Mar 2088",15.4542322127828,14.293951916365,16.61774739175
"Apr 2088",15.3577510931737,14.1969094666545,16.5218511761909
"May 2088",15.1409445428829,13.9806661187136,16.3045250876196
"Jun 2088",15.1632555066166,14.0026499321632,16.3271601840877
"Jul 2088",15.1706186578658,14.0098064547572,16.3347295322259
"Aug 2088",15.1513675201623,13.9903428630059,16.3156962715363
"Sep 2088",15.2337712506366,14.0722150209576,16.3986166348686
"Oct 2088",15.2683116585803,14.1063562436638,16.4335510137282
"Nov 2088",15.3127209455796,14.1502506681267,16.478468504146
"Dec 2088",15.3508616785335,14.1879568882577,16.5170380194134
"Jan 2089",15.5070835703333,14.3432021242614,16.6742089118792
"Feb 2089",15.5278072202449,14.3635104973947,16.6953458068809
"Mar 2089",15.4542322127828,14.2889870771688,16.6227400383302
"Apr 2089",15.3577510931737,14.1919494622006,16.5268391503897
"May 2089",15.1409445428829,13.975709232396,16.3095103156875
"Jun 2089",15.1632555066166,13.997693871375,16.3321445478915
"Jul 2089",15.1706186578658,14.0048510878197,16.3397131894281
"Aug 2089",15.1513675201623,13.9853888963158,16.3206785619173
"Sep 2089",15.2337712506366,14.0672612161245,16.4035986210072
"Oct 2089",15.2683116585803,14.1014032620472,16.4385321174249
"Nov 2089",15.3127209455796,14.1452987538396,16.483448464746
"Dec 2089",15.3508616785335,14.183005859725,16.5220170295245
"Jan 2090",15.5070835703333,14.3382513264066,16.6791874293163
"Feb 2090",15.5278072202449,14.3585609481744,16.7003230413342
"Mar 2090",15.4542322127828,14.284043396555,16.6277115267234
"Apr 2090",15.3577510931737,14.1870105658718,16.531806016866
"May 2090",15.1409445428829,13.9707734393347,16.3144744509185
"Jun 2090",15.1632555066166,13.9927588908313,16.3371078318683
"Jul 2090",15.1706186578658,13.9999167914984,16.3446757764309
"Aug 2090",15.1513675201623,13.9804559847143,16.3256397976282
"Sep 2090",15.2337712506366,14.0623284549472,16.408559563902
"Oct 2090",15.2683116585803,14.0964713097605,16.4434921922011
"Nov 2090",15.3127209455796,14.1403678503764,16.488407414928
"Dec 2090",15.3508616785335,14.1780758265363,16.5269750446946
"Jan 2091",15.5070835703333,14.3333215035459,16.6841449721509
"Feb 2091",15.5278072202449,14.3536323559014,16.7052793192302
"Mar 2091",15.4542322127828,14.2791206071112,16.6326621243421
"Apr 2091",15.3577510931737,14.182092511273,16.5367520420148
"May 2091",15.1409445428829,13.9658584733546,16.3194177594875
"Jun 2091",15.1632555066166,13.9878447246392,16.342050301911
"Jul 2091",15.1706186578658,13.9950033001049,16.3496175589229
"Aug 2091",15.1513675201623,13.9755438628297,16.3305802440407
"Sep 2091",15.2337712506366,14.057416472328,16.4134997286508
"Oct 2091",15.2683116585803,14.0915601220198,16.4484315028407
"Nov 2091",15.3127209455796,14.1354576933586,16.4933456190707
"Dec 2091",15.3508616785335,14.173166524652,16.5319123289635
"Jan 2092",15.5070835703333,14.3284123921285,16.6890818039338
"Feb 2092",15.5278072202449,14.3487244574097,16.710214903735
"Mar 2092",15.4542322127828,14.2742184470109,16.6375920930126
"Apr 2092",15.3577510931737,14.1771950375661,16.5416774866743
"May 2092",15.1409445428829,13.9609640738326,16.3243405020177
"Jun 2092",15.1632555066166,13.9829511124491,16.3469722183693
"Jul 2092",15.1706186578658,13.9901103534884,16.3545387970549
"Aug 2092",15.1513675201623,13.9706522708189,16.335500160998
"Sep 2092",15.2337712506366,14.0525250086892,16.4184193748313
"Oct 2092",15.2683116585803,14.086669439552,16.4533503086168
"Nov 2092",15.3127209455796,14.130568023906,16.4982633360541
"Dec 2092",15.3508616785335,14.1682776955212,16.5368291408821
"Jan 2093",15.5070835703333,14.3235237340774,16.6939981827419
"Feb 2093",15.5278072202449,14.3438369949958,16.7151300525521
"Mar 2093",15.4542322127828,14.2693366598521,16.6425016891373
"Apr 2093",15.3577510931737,14.1723178893093,16.5465826062864
"May 2093",15.1409445428829,13.9560899855367,16.3292429337413
"Jun 2093",15.1632555066166,13.9780777992945,16.3518738362097
"Jul 2093",15.1706186578658,13.9852376968753,16.3594397456006
"Aug 2093",15.1513675201623,13.965780954207,16.3403998029748
"Sep 2093",15.2337712506366,14.0476538098132,16.4233187566611
"Oct 2093",15.2683116585803,14.0817990084353,16.4582488634513
"Nov 2093",15.3127209455796,14.1256985884787,16.5031608194184
"Dec 2093",15.3508616785335,14.1634090859229,16.5417257336712
"Jan 2094",15.5070835703333,14.3186552766315,16.6988943613365
"Feb 2094",15.5278072202449,14.3389697162614,16.7200250180798
"Mar 2094",15.4542322127828,14.2644749945005,16.6473911638501
"Apr 2094",15.3577510931737,14.1674608163015,16.5514676510521
"May 2094",15.1409445428829,13.9512359584708,16.3341253046542
"Jun 2094",15.1632555066166,13.9732245354374,16.3567554051703
"Jul 2094",15.1706186578658,13.9803850807148,16.3643206541107
"Aug 2094",15.1513675201623,13.9609296637339,16.3452794192314
"Sep 2094",15.2337712506366,14.0428026266894,16.4281981231507
"Oct 2094",15.2683116585803,14.0769485799461,16.4631274160676
"Nov 2094",15.3127209455796,14.1208491387234,16.5080383175166
"Dec 2094",15.3508616785335,14.1585604478144,16.5466023553738
"Jan 2095",15.5070835703333,14.3138067721937,16.7037705873147
"Feb 2095",15.5278072202449,14.3341223739615,16.7249000475633
"Mar 2095",15.4542322127828,14.2596332049398,16.6522607631676
"Apr 2095",15.3577510931737,14.1626235734338,16.5563328660804
"May 2095",15.1409445428829,13.9464017477261,16.3389878596654
"Jun 2095",15.1632555066166,13.9683910762192,16.3616171699096
"Jul 2095",15.1706186578658,13.9755522605305,16.3691817670617
"Aug 2095",15.1513675201623,13.9560981552055,16.350139253962
"Sep 2095",15.2337712506366,14.0379712153658,16.4330577182523
"Oct 2095",15.2683116585803,14.0721179104112,16.4679862101392
"Nov 2095",15.3127209455796,14.1160194313268,16.5128960736623
"Dec 2095",15.3508616785335,14.1537315381832,16.5514592490023
"Jan 2096",15.5070835703333,14.308977978184,16.7086271032565
"Feb 2096",15.5278072202449,14.3292947258583,16.7297553832403
"Mar 2096",15.4542322127828,14.2548110501267,16.657110728133
"Apr 2096",15.3577510931737,14.1578059205447,16.5611784915328
"May 2096",15.1409445428829,13.9415871133369,16.3438308387405
"Jun 2096",15.1632555066166,13.9635771819175,16.3664593701499
"Jul 2096",15.1706186578658,13.9707389967768,16.3740233239991
"Aug 2096",15.1513675201623,13.9512861893506,16.3549795464376
"Sep 2096",15.2337712506366,14.0331593368061,16.4378977810021
"Oct 2096",15.2683116585803,14.0673067610652,16.4728254844314
"Nov 2096",15.3127209455796,14.111209227873,16.5177343262713
"Dec 2096",15.3508616785335,14.148922118906,16.55629665268
"Jan 2097",15.5070835703333,14.3041686568985,16.7134641468656
"Feb 2097",15.5278072202449,14.3244865345805,16.734591262482
"Mar 2097",15.4542322127828,14.2500082938512,16.6619412949564
"Apr 2097",15.3577510931737,14.1530076222823,16.5660047627611
"May 2097",15.1409445428829,13.9367918201421,16.3486544770407
"Jun 2097",15.1632555066166,13.9587826176079,16.371282240816
"Jul 2097",15.1706186578658,13.9659450547011,16.3788455596758
"Aug 2097",15.1513675201623,13.9464935316835,16.3598005311441
"Sep 2097",15.2337712506366,14.0283667567527,16.4427185456579
"Oct 2097",15.2683116585803,14.0625148979133,16.4776454729389
"Nov 2097",15.3127209455796,14.1064182947068,16.5225533089987
"Dec 2097",15.3508616785335,14.1441319566118,16.561114799778
"Jan 2098",15.5070835703333,14.2993785753736,16.718281951106
"Feb 2098",15.5278072202449,14.3196975674875,16.7394079179291
"Mar 2098",15.4542322127828,14.245224704602,16.666752695149
"Apr 2098",15.3577510931737,14.1482284479699,16.5708119104423
"May 2098",15.1409445428829,13.9320156376519,16.3534590050558
"Jun 2098",15.1632555066166,13.9540071530301,16.376086012168
"Jul 2098",15.1706186578658,13.9611702042101,16.3836487041848
"Aug 2098",15.1513675201623,13.9417199523706,16.364602437915
"Sep 2098",15.2337712506366,14.0235932455932,16.447520241832
"Oct 2098",15.2683116585803,14.0577420915991,16.4824464050184
"Nov 2098",15.3127209455796,14.1016464028017,16.5273532508712
"Dec 2098",15.3508616785335,14.1393608225503,16.5659139190465
"Jan 2099",15.5070835703333,14.2946075052541,16.7230807443327
"Feb 2099",15.5278072202449,14.3149275965385,16.7442055776224
"Mar 2099",15.4542322127828,14.2404600554368,16.6715451556532
"Apr 2099",15.3577510931737,14.1434681714772,16.5756001607066
"May 2099",15.1409445428829,13.9272583399184,16.3582446487336
"Jun 2099",15.1632555066166,13.9492505624597,16.3808709099303
"Jul 2099",15.1706186578658,13.9564142197421,16.388432983088
"Aug 2099",15.1513675201623,13.9369652261027,16.3693854920597
"Sep 2099",15.2337712506366,14.0188385782333,16.4523030946187
"Oct 2099",15.2683116585803,14.0529881172765,16.4872285055157
"Nov 2099",15.3127209455796,14.0968933276326,16.532134376414
"Dec 2099",15.3508616785335,14.1346084924646,16.5706942347425
"Jan 2100",15.5070835703333,14.2898552226672,16.7278607504186
"Feb 2100",15.5278072202449,14.310176398166,16.7489844651296
"Mar 2100",15.4542322127828,14.2357141238571,16.6763188989676
"Apr 2100",15.3577510931737,14.1387265710957,16.5803697352623
"May 2100",15.1409445428829,13.9225197054119,16.3630116296039
"Jun 2100",15.1632555066166,13.9445126245841,16.3856371554157
"Jul 2100",15.1706186578658,13.9516768801423,16.3931986175402
"Aug 2100",15.1513675201623,13.9322291319708,16.374149914487
"Sep 2100",15.2337712506366,14.0141025339726,16.4570673247184
"Oct 2100",15.2683116585803,14.048252754487,16.4919919948897
"Nov 2100",15.3127209455796,14.0921588490525,16.5368969057739
